frase,palabra,significado_correcto
生活就是當你忙著進行你的計劃時總有其他的事情發生。,行,
我喜欢旅行。,行,
我在旅行社工作.,行,
我在旅行中用了地图。,行,
我不够钱去旅行。,行,
他喜欢旅行。我也是。,行,
在英国的时候，我经常看参考书。,书,
这和我那本是同一本书。,书,
他后悔在校时没用功读书。,书,
Jack买不起新自行车。,行,
接下来该采取什么行动就交给你了。,行,
这种款式的帽子现在很流行。,行,
你可以想象在月球上行走吗？,行,
这本书对你来说读起来太难了。,书,
这本书有精美的插图。,书,
我做完我的功课后，就读这本书。,书,
银行对风险客户收取较高的贷款利息。,银行,
他有很多历史书籍。,书,
把你的自行车放好。,行,
我发现他在花园里干活。,花,
一个神圣的仪式在庄严的庙宇中举行。,行,
一个人要为他的行为负责。,行,
我用两千日元买了这本书。,书,
她认为计划很好，但不可行。,行,
我在找关于古罗马历史的书。,书,
他们的旅行因为火车延期了。,行,
我看见书桌上有朵花。,书,
你只要在这里写下你的姓名和地址就行了。,行,
我还了从图书馆借的书，又借了些新的。,书,
自行车从右侧超过汽车是不合法的。,行,
花园被木栅栏围了起来。,花,
飞行愉快！,行,
现在是行动的时候了。,行,
这张书桌是木制的。,书,
旅行最快的方式是乘飞机。,行,
在城市里行驶的车辆数量增加了。,行,
书桌上有几本书。,书,
这本书我能借多久？,书,
她拿了其中一个玻璃花瓶。,花,
他有花不完的钱。,花,
这本书谁想要就给谁吧。,书,
他英勇的行为带给了他光荣。,行,
我有两本英语书。,书,
你有几本书?,书,
"这不是你的书,这是我的书。",书,
我们把书桌整理干净吧。,书,
他把他的自行车刷成红色。,行,
她帮她爸爸干了花园里的活。,花,
她休假期间花了一大笔钱。,花,
我在银行工作。,银行,
我不喜欢在银行工作.,银行,
"王小明说英语,但英语书不多.",书,
我有很多法语书.,书,
这是谁的语法书?,书,
他说的词典图书馆没有.,书,
Maria花很多钱买衣服。,花,
年轻的时候多看点好书是件好事。,书,
她在超市做秘书。,书,
他们给图书馆提供了很多书。,书,
不是因为读者对某本书不感兴趣，这本书就肯定是有问题的了。,书,
他以教书为生。,书,
旅行前，我剪了头发。,行,
那是人类第一次在月球上行走。,行,
她为一本书收集材料。,书,
那个男孩否认偷了自行车。,行,
你生日的时候，我送你一辆自行车。,行,
你能把你的自行车借给我吗？,行,
翻译几页英文花了我2个多小时。,花,
"妈妈，我能吃一块饼干吗？ ""不行，不该在3餐间吃。""",行,
这将是我环绕美国旅行的一个很好的回忆。,行,
你的新电脑运行得好吗？,行,
乘飞机去该岛，将花费你100美元。,花,
我能借这本书吗？,书,
这是我的书。,书,
这本书有很多插图。,书,
我的业余爱好是拍野花的照片。,花,
昨晚我的自行车被偷了。,行,
这辆自行车是谁的？,行,
这是我的自行车。,行,
这辆自行车需要修理。,行,
他的自行车是蓝色的。,行,
这辆自行车属于我。,行,
他骑自行车去的。,行,
哪本是你的书？,书,
这是邮局，那是银行。,银行,
他银行里有点钱。,银行,
他看见色彩鲜艳的鸟、花朵和树叶。,花,
给你解释这为什么行不通要花很多时间。,花,
旅行社的利润猛涨。,行,
危险的行为应受到惩罚。,行,
我从英国订了好几本书。,书,
据最少的估计，也要花3000日元。,花,
我发现读这本书很难。,书,
我谨记祸不单行。,行,
他把他女儿嫁给了一个银行家。,银行,
她对当下的流行很敏感。,行,
你的行为完全合法。,行,
我没有一个愿意跟我一起旅行的人。,行,
我们在任何公司都应该是执行者。,行,
这所学校为学生提供教科书。,书,
奥运会每四年举行一次。,行,
每隔四年，奥运会举行一次。,行,
你要去伦敦读书是真的吗？,书,
我还算不上个旅行家。,行,
他把书放在了桌上。,书,
我给了你一本书。,书,
我教书。,书,
我20分钟后打给你行吗？,行,
几十个年轻人参加了示威游行。,行,
战争中使用了很多暴行。,行,
书桌上有一把剪刀。,书,
他们的婚礼将在明天举行。,行,
那家公司在广告上花了很多钱。,花,
他把信递给了秘书。,书,
我喜欢独自旅行。,行,
这就是你正在找的那本书。,书,
你知道现在哪本书卖得好吗？,书,
我花了3小时做作业。,花,
你该结束这种愚蠢的行为了。,行,
你的行李多重？,行,
行李中的一个完全是空的。,行,
我想我的行李是被偷了。,行,
让我来拿你的行李。,行,
我的其中一个行李不见了。,行,
这本书缺了两页。,书,
你们应该实行你们最初的计划。,行,
这本书很难在一周内读完。,书,
给他5000美元就行了。,行,
Taro在银行提了10000日元。,银行,
修理将要花费很多钱。,花,
因为仅一分钟就要差不多花费4镑。,花,
她花很多时间练钢琴。,花,
她和小区里大部分妇女不同，因为她会读书写字。,书,
你看的书越多，你知道的越多。,书,
书桌下有一只猫。,书,
花瓶摔成碎片了。,花,
这本教科书是用简单的英语写的。,书,
我本来应该读一下这本书。,书,
我们通常步行去学校。,行,
歹徒在一家银行抢了数千美元。,银行,
读这本书很容易。,书,
这本书他们读起来够简单了。,书,
你在任何书店都可以买到。,书,
如果你用完了那本书，我想借一下。,书,
你的行为离要求的太远了。,行,
这是一本书。,书,
你的言行必须一致。,行,
这个图书馆有超过50000册书。,书,
这些书架上没有很多书。,书,
车站前有个银行。,银行,
建這條橋花了不少錢。,花,
我在书商Maruzen那里买了这本书。,书,
可惜大学食堂没有无花果饼干。,花,
我弄了一份请愿书要求在大学食堂提供无花果饼干，你们愿意签名吗？,书,
千里之行，始于足下。,行,
我去飞机场为他送行了。,行,
我是一名銀行職員。,行,
我無法容忍她的行為。,行,
我們實行了那個計劃。,行,
我步行上學。,行,
我們花一萬二千元買了這輛車。,花,
他把數枚硬幣強行塞進了我的口袋中。,行,
你行為應該規矩些。,行,
園藝在這幾年很流行。,行,
这本书很小。,书,
请把你的行李放在这秤上。,行,
读这种的书有什么用？,书,
有时他会去图书馆了解书本的最新消息.,书,
我们的花园长满了杂草.,花,
大概會花多少時間？,花,
繡球在六月開花。,花,
我身為總統所行使的決策會有很多人不贊成。,行,
這不是紳士行為。,行,
一場春雨使花朵回復了生氣。,花,
數艘游艇在遠方的海洋並列航行。,行,
花子決心要去巴黎。,花,
这本书是我的；我自己在里面写了我的名字。,书,
岸边开满了鲜花。,花,
我已经看过这本书了。,书,
这朵花是所有花中最漂亮的。,花,
除非下雨，宴会将在花园里举行。,花,
“这是您的书吗？” “不，这不是我的书。”,书,
由于缺水，花园里所有的花都死了。,花,
我觉得这本书很有意思。,书,
他旅行期间，写了旅游日记。,行,
红色不流行了。,行,
战争一直在进行中。,行,
無論你多麼努力，也不可能只花一年左右就精通英文。,花,
美国的每个城市都有一个图书馆。,书,
我花了很久時間才習慣這噪音。,花,
英語在世界許多地方通行。,行,
這是外行的想法。,行,
她花很多錢買衣服。,花,
讓我幫您提行李。,行,
他们昨晚行房了。,行,
他们昨晚行了鱼水之欢。,行,
我昨天修了自行车。,行,
我昨天修理自行车了。,行,
兩條街道互相平行。,行,
别老躺着啊，要是躺着能挣钱也行。,行,
他的小說風行了一段長時間。,行,
太空旅行終有一天會成為平常事。,行,
看书很有意思。,书,
在人行道上走。,行,
我把他的书还给了他。,书,
演出后，女演员收到了一束花。,花,
他喜欢唱流行歌曲。,行,
你在我们家睡觉当然能让你少花点钱。,花,
我会开车，Tom不行。,行,
不注册也行吗？,行,
桌上有几本书？,书,
時間不多，我們必須馬上行動。,行,
他的行為由始至終都是對的。,行,
她是一位品行端正的女士。,行,
從國際的觀點看，應該考慮推行人口政策來平衡兩方的利益。,行,
你的行為是絕對可恥的。,行,
这是看樱花的最好时节。,花,
你该结束这愚蠢的行为了。,行,
行与行之间多留些空间。,行,
现在女生穿牛仔裤很流行。,行,
书和朋友应该是宁缺毋滥。,书,
行行好，別哭了。,行,
我会推迟去苏格兰的行程，直到天变暖一点为止。,行,
他够大了，可以独自旅行了。,行,
他在读书中度过夜晚.,书,
"望着天花板发呆,还不如读一读小说。",花,
只要两人就行， 其他任何人都不需要。,行,
这是书。,书,
彼岸花、开一千年、落一千年、花叶永不相见。情不为因果、縁注定生死。,花,
行动比语言更有说服力。别发牢骚多做事。,行,
我的做法是要行动不要空话。,行,
已经过去了很长时间，但是今晚，由于我们今天在这场选举所采取的行动，在这个决定性的时候，变革来到了美国。,行,
我的竞选经理大卫-普劳夫，这位竞选活动的无名英雄，他进行了最好的政治竞选活动，我认为这是美国历史上最棒的。,行,
竞选活动的声势也来自那些已不再年轻的人们，他们冒着严寒酷暑，敲开陌生人的家门进行竞选宣传；竞选声势也源自数百万的美国民众，他们充当志愿者和组织者，他们证明了在两百多年以后，民有、民治、民享的政府并未从地球上消失。这是你们的胜利。,行,
21个月前在寒冬所开始的一切不应当在今天这个秋夜结束。今天的选举胜利并不是我们所寻求的改变--这只是我们进行改变的机会。如果我们仍然按照过去的方式行事，我们所寻求的改变将不会发生。没有你们，没有服务和牺牲的新精神，就不可能发生改变。因此，让我们发扬新的爱国和负责精神，所有的人都下定决心参与其中，更加努力地工作，不仅是为自己而是为彼此。,行,
爱花的人是幸福的。,花,
步行10分钟就能到学校。,行,
花園裏有些漂亮的花朵。,花,
911事件让世人震惊，全球所有的政治家都一致谴责恐怖分子的这一应受人斥责的行径。,行,
你認為從這裏去東京要花多久時間？,花,
他现在正在看书。,书,
你跟隨他的指示做就行了。,行,
他為自己的行為感到非常羞恥。,行,
每年有很多书出版。,书,
去那裏要花一小時。,花,
會議將在東京舉行。,行,
從小開始我就很喜歡讀書，那時有的錢雖然不多，但也都全花在書本上。,花,
我能用旅行支票付吗？,行,
我來登記之前你可以先幫我看管行李嗎？,行,
我們必須馬上實行這個計畫。,行,
他問銀行借了很多錢。,行,
我很喜欢看书。,书,
那种鞋子用来登山是不行的。,行,
我的英语书不多于10本。,书,
以往，做一趟旅行比现在难多了。,行,
他对他儿子的行为感到不好意思。,行,
Lucy确定要和那个流行乐歌手结婚了。,行,
我舅舅给我买的这本书。,书,
她的胳臂下面夹着一本书。,书,
她在英文书写上很少犯错。,书,
她出国的时候花销很大。,花,
她推迟了去墨西哥的行程。,行,
去加拿大渡蜜月要花很多錢。,花,
到周二的时候，我就能读完这本书了。,书,
我喜欢花，比如说，玫瑰。,花,
我正在给花浇水。,花,
我原本是不需要给花浇水的，我刚浇完就下雨了。,花,
我要把我的玫瑰拿到花展上展示。,花,
他的行為是犯法的。,行,
他們把船命名為「五月花號」。,花,
會議是在這裏舉行的。,行,
那花闻起来很香。,花,
他昨天看了这本书。,书,
去花园里采花吧。,花,
我把这本书借给你。,书,
我们本该考虑一下行程。,行,
我決心要推行這個計劃。,行,
他沒錢去旅行。,行,
他打算去巴黎旅行。,行,
球彈呀彈呀的彈進了鄰家的花園。,花,
我在墨西哥旅行的時候踫見了她。,行,
我花3000日元买了一张新CD。,花,
阿姨，您别客气，喝杯开水就行。,行,
歹徒們從銀行偷取了數千元。,行,
她非常喜欢鲜花。,花,
她说她很喜欢花。,花,
她提着一只满是鲜花的篮子。,花,
她赚多少花多少。,花,
今年夏天我们要出国旅行。,行,
我有时候走路去上班，有时候骑自行车去上班，因为我家离单位很近。,行,
我得推我的自行车，因为有个轮胎漏气了。,行,
只要你好好学中文，你就能去中国读书了。,书,
反对的人再多，政府也要实行这项改革。,行,
刚才桌子上有一本书吗？,书,
他看完了一本汉语语法书，从而对中文的用法有了更深的了解。,书,
她叫玛丽，是我的秘书。,书,
我無法容忍他的行為。,行,
我叫人把我的自行车修好了。,行,
自行车是保护城市环境的一种工具。,行,
這台機器是花了不少時間和金錢才建成的。,花,
拿本书读！,书,
哪个是你的行李？,行,
博览会将举行六个月。,行,
我在你这个年纪的时候，冥王星是一颗行星。,行,
我在花園裏種了些玫瑰。,花,
帮我把书放在旁边。,书,
你的旅行怎么样?,行,
不要花那么多时间在电视上。,花,
我会把这本书邮寄出去。,书,
我住在徐家汇清风花苑。,花,
那儿有只电话亭，另一边有家银行，你看到没有？,银行,
我把行李放了在車尾箱裏。,行,
这些是谁的书？,书,
我写了这本书。,书,
百货商店前有个书店。,书,
瑞士的苹果必须好一点才行。,行,
哪一本书都行。,书,
行。,行,
“到维也纳步行要多久？”　“对不起，我是外地人。”,行,
更棒的是房子還有一個漂亮的花園。,花,
你决没决定骑自行车还是坐公共汽车去城里？,行,
她花很多钱在买鞋上。,花,
我有很多花。,花,
这些是我们的书。,书,
那些不是你们的书？,书,
那儿的书是他们的。,书,
这本书是不是他一直用的？,书,
书架上都是书。,书,
你家里有书吗？,书,
你有这本新书吗？,书,
我没有这本书。,书,
这本书我昨天买了。,书,
在这个图书馆你一次可以借三本书。,书,
哪里有人在烧书，哪里最后就烧人。,书,
我们问老师：“婚礼在哪里举行？”,行,
这个公园不小，有很多树，还有很多花。,花,
这本书明年要出版。,书,
她喜欢听俄罗斯流行音乐。,行,
行。唱个什么？,行,
这是你的自行车吗？,行,
我碰巧在图书馆看见你妈妈。,书,
欢迎会在餐厅举行。,行,
我母亲不会骑自行车。,行,
是誰把花瓶打破的？,花,
他讨厌坐飞机旅行。,行,
從這裏步行到車站要多少時間？,行,
桌子上有本书。,书,
由于罢工，我不得不取消了我的行程。,行,
我的梦想是成为一名飞行员。,行,
这是个书桌。,书,
我觉得读这本书会对你有好处。,书,
世界是本书，不旅游的人只看了一页。,书,
阿图什的无花果是甜蜜多汁的。,花,
天花板上面有隻蒼蠅。,花,
他对他的行为感到后悔。,行,
那辆自行车属于我们学校。,行,
到明天我应该已经读完这本书了。,书,
不要根据封面来判断一本书。,书,
多漂亮的花啊!,花,
这些花多美啊！,花,
我让她把书寄给我们。,书,
这些百合花很香。,花,
为了买这本书，我去了东京。,书,
我买不起自行车。,行,
书桌上的词典是我的。,书,
他放弃了成为飞行员的梦想。,行,
祸不单行。,行,
网球在学生中非常流行。,行,
雖然受到他們的強烈反對，但我們還是實行了我們的計劃。,行,
這些花放在哪裏也沒關係，顯眼就行了。,花,
你讲一点素质行吗！,行,
你别来捣蛋行吧！,行,
你们看，他们书房里倒收拾得很清洁哪。,书,
书桌上一叠专业书里有几本卡通书混在里面。,书,
我想去买个优盘，你和我一起去行吗？,行,
行。你这儿有几种款式，给我看看。,行,
我们还有做面膜、修眉毛、蒸面、香熏、指掐贴花、皮肤护理什么的。,花,
不行，我不能做赔本生意。,行,
点这些小菜行啦！够吃了！,行,
你想吃吃桂花赤豆汤吗？,花,
比如说，小区健身房、儿童乐园、图书馆等有吗？,书,
小区旁边出行方便吗？,行,
几件随机行李要过一过磅。,行,
大家的行李都拿齐了吗？,行,
给你这张卡，我们银行有廿四小时自动服务的。,银行,
请您把这张旅行支票换成现钞。,行,
请你帮我换一点零钱行吗？,行,
请问你是鹿鸣书店的老板吗？,书,
行。你住在什么地方？,行,
小伙子陪女朋友来玩，看得眼花缭乱。,花,
行了！就十元买五斤吧。,行,
你的艺术细胞很丰富，所以搞装潢设计完全行。,行,
那么你频道换掉也行啊。,行,
书和杂志太重，所以我用小纸板箱装。,书,
既然你这么喜欢种花，你把一个阳台就专门放花盆吧。,花,
当培训期满，我就可以做一个银行出纳员。,银行,
要考什么内容？有参考书吗？,书,
没关系，当然最好还是买本会话书学学上海话。,书,
每月六百元，每周一天休息，行吗？,行,
他好像对音乐剧什么的很感兴趣，而且还非常内行。,行,
上海新好男人，又会拼命工作，又会将休闲进行到底。,行,
还有件事就是马上到银行里去取些钱。,银行,
一圈转回来，还可以看看外滩近代建筑夜景，走走南京路步行街。,行,
前几年市政府花了大力气，使苏州河变清了。,花,
请你从这儿走，那儿是检查台，检查行李的地方。,行,
新婚房里，有放红枣花生桂圆和瓜子的，讨个吉利叫“早生贵子”。,花,
老师和父母都是考试迷，一个心眼出试题改考卷，出钱买参考书。,书,
接连不断地买参考书，兴师动众地请家教，搞得孩子一点空余的个时间也没有。,书,
因为现在上海家家都是独生子女，家长对小孩的读书非常重视。,书,
子女培养全社会都很关心，教育要进行改革。,行,
21世纪社会，不懂电脑不懂外语往往会步步难行。,行,
当时，国画、京戏、通俗小说、流行歌曲，都是一流的。,行,
“门槛精到九十六”、“额角头碰着天花板”、“霉头触到哈尔滨”，讲话还用意识流。,花,
今年流行甚麼款式的外套？,行,
你在這裏簽個名就行了。,行,
算一算你花了多少錢買書。,花,
最近流行什么音乐 ?,行,
我花园里的一部分玫瑰是白色的，其他的是红色的。,花,
一個人就算不吃肉，也可以健健康康的生活。所以人殺生、吃肉，只不過是為了滿足自己的口腹之慾而已。這種行為是不道德的。,行,
三十年前的時裝款式又流行起來了。,行,
火车以每小时50英里的速度前行。,行,
這朵花是黃色的，但是其他全都是藍色的。,花,
學外語要花好幾年的時間才能學得精通。,花,
书桌上有一个包。,书,
我看见一条脏狗进了花园。,花,
看起来像天书。,书,
漂亮的花不会结好的果。,花,
我種了很多花，有些是紅色的，有些是黃色的。,花,
我突然想起来我付不起那么多本书的钱。,书,
他写了两本书。,书,
我的书桌是木制的。,书,
我不喜欢乘飞机旅行。,行,
他在花园里砍了一棵树。,花,
他砍了花园里的一棵树。,花,
我能用一下这辆自行车吗？,行,
我觉得一部电影比任何书都有趣。,书,
恐怕不行。,行,
请沿着这条路走，在银行那里向右转。,银行,
你把我的行李怎么了？,行,
他说用完这本书后会借给我。,书,
我当时每个月都会购买五本书。,书,
我想他得花兩個小時才能把工作做完。,花,
花瓶在桌上留下了水跡。,花,
Nancy不可能看过这本书。,书,
Bob，帮我把他的行李搬到客厅。,行,
伦理学是指行为准则。,行,
他喜欢在花园里工作。,花,
挣的越多钱，就花得越多钱。,花,
因为是用法文写的，所以这本书很难读。,书,
若没你的帮助，我们大概无法实行这个计划吧。,行,
那个箱子里放满了书本。,书,
这本书里错误多得以至于老师把它叫作“醉鬼版”。,书,
我把空閒時間全都花在閱讀上。,花,
這朵是整個花園最漂亮的花。,花,
他非常想要一辆自行车。,行,
Bob的房里有很多书。,书,
你的行为让我惊讶。,行,
我该买这本字典，即使这要花10000日元。,花,
我需要一辆新自行车。,行,
我需要去一趟中国建设银行。,银行,
我不想花费超过10美元。,花,
他伸长了手臂为了能拿到书。,书,
他把一盏灯挂在了天花板上。,花,
你需要这本书吗？,书,
这里离银行远吗？,银行,
我想請你帮我整理花園。,花,
我们花了很长时间找停车场。,花,
我花了两个小时来记这个句子。,花,
犹豫了片刻之后，他把书放在了桌子上。,书,
长裙子很流行。,行,
我把这本书从头到尾读了一遍。,书,
我的書每一本都可以借給你，只要你不把它們弄髒就行了。,行,
花都谢了。,花,
菊花很香。,花,
看这本书。,书,
我把你的花瓶打破了，真對不起。,花,
秘书把信塞到一个信封里。,书,
我有三个行李。,行,
许多花到了春天开始开花了。,花,
这些书是我们的。,书,
你会反对我与你同行吗？,行,
他花了一大笔钱来帮助穷人。,花,
我喜欢绣花。,花,
她绣花的时候被针刺到了。,花,
友情提示：请留意您需要换乘线路的首末班时间，以免耽误您的出行。,行,
我今天得把这本书还给图书馆。,书,
书桌上有食物。,书,
地铁在地下通行。,行,
这本书的主题是美国革命。,书,
修自行车花了我1000日元。,花,
这朵花散发出强烈的香味。,花,
这本书对我来说很难读。,书,
谁还会花时间给朋友写一封长信呢？,花,
不管你看什么书，都要仔细地看。,书,
图书馆在哪里？,书,
秘书被炒了。,书,
她有很多手提行李。,行,
這台自行車是我弟弟的。,行,
每個男孩都有一台自行車。,行,
她考虑去旅行。,行,
您有很多书。,书,
你有许多书。,书,
为什么你花了所有钱？,花,
为什么你想到外国读书？,书,
为什么您想到外国读书？,书,
这本书要4美元。,书,
我向他借了这本书。,书,
我要参加一个示威游行。,行,
读尽可能多的书。,书,
我們可以繼續玩，別吵到別人就行了。,行,
你可以读你喜欢的书。,书,
他们的旅行因为下雨延期了。,行,
她骑自行车去上学。,行,
学生因为电视和连环画而不看很多书。,书,
我们都认为您的想法是行不通的。,行,
我们都认为你的想法是行不通的。,行,
您的行为不得体。,行,
你的行为不得体。,行,
我为您的行为感到可耻。,行,
我为你的行为感到可耻。,行,
他把朋友借給他的錢全都花光了。,花,
一般我步行去学校。,行,
这个图书馆里禁止看书。,书,
这是我的行李。,行,
中國的漢字數量繁多，推行漢字簡化的目的，是把結構複雜的繁體字轉換成易學易記的簡體字，從而提高國民的識字水平。,行,
他在银行工作。,银行,
鸟的家在森林，鱼的家在江河，蜜蜂的家在花朵，小朋友的家在中国。 我们从小爱祖国， 就像鸟儿爱森林，就像鱼儿爱江河，就像蜜蜂爱花朵。,花,
他找到我的自行车。,行,
花瓶被摔成了碎片。,花,
質數就像人生，它們完全是合邏輯的，但就算你花多少時間來思考，也不能找到它們背後的規律。,花,
我想把阅读灯关了，行吗？,行,
我们的花园布满了杂草。,花,
这本书值得再看一遍。,书,
有些人不喜欢把钱存银行。,银行,
经过银行，左边就是他的办公室了。,银行,
我打算每天花幾個小時來學英文。,花,
我看完了这本书。,书,
東京去年舉行的現代藝術展，我全都去過了。,行,
婚禮會在星期六舉行。,行,
这是谁的书？,书,
我现在正忙于写一本书。,书,
花園裏的花要澆水了。,花,
他对杀父凶手进行了报复。,行,
你要去哪个高中读书？,书,
他写了一本有关中国的书。,书,
Trang，如果我能寄给你一个棉花糖，我会这么做的。,花,
太烦了。。。现在我连用个电脑不头痛都不行了！,行,
我想到巴黎读书。,书,
我不行了！我已经三天没睡过了！,行,
质数就像生活，它们是完全符合逻辑的，但即使我们花所有时间来思考，也找不到规律。,花,
我吃饭的时候看了一本书。,书,
有一天我买了一台棉花糖机。,花,
如果你没事做，那就看你房间的天花板。,花,
请耐心点，这要花时间。,花,
政治家总是因他们丑陋及不合时宜的行为受到惩罚。,行,
随着飞机对涡流的接近，飞行员要求机上的乘客系好安全带。,行,
教师应详细解释一切，不要太简洁，总是告诉学生回家后读他们的书。,书,
弗洛伊德关于人类行为的思想使他被敬为一个知识渊博的思想家。,行,
吉米试图说服他父母让他和他的朋友开车跨国旅行。,行,
流行艺人因他们忠实粉丝的追捧红了。,行,
国王的卑劣行为致使人们相信他只是个该被推翻的暴君。,行,
你的言行会跟你的父母一样，即使你曾发誓你永远不会这么做。,行,
孩子不是该被填满的花瓶，而是该被点燃的火。,花,
史密斯花了多年研究睡眠和缺乏睡眠对记忆和学习的影响。,花,
我們昨天進行了火警演習。,行,
不行，我不能让您进去，这样就多一个人了。,行,
银行在哪里？,银行,
每个学生都可以使用图书馆。,书,
您有一些书。,书,
你有一些书。,书,
他手里拿着一本书。,书,
你是个书虫。,书,
所有学生都可以自由出入图书馆。,书,
不要边走边看书。,书,
公交车驾驶员没有看见行人。,行,
要做怪事必须有两个人才行。,行,
用两只手捧住花瓶。,花,
他教书教了20年了。,书,
你有两本书。,书,
我有一本书。,书,
明天举行典礼。,行,
我们在机场为她送行。,行,
他的主意总是可行的。,行,
我很少能抽出时间看书。,书,
地球不是恒星，而是行星。,行,
我走不动，但是肯定能跛行。,行,
我們不久就能到月球旅行了。,行,
為了避免情況惡化，我們馬上採取了行動。,行,
你有两本书吗？,书,
婚禮會在一座十七世紀的教堂裏舉行。,行,
我要吃一本书。,书,
那个女孩一整天里不停的杂读书。,书,
平行四邊形是由兩組平行線組成的四邊形。,行,
這首歌在七十年代很流行。,行,
編字典是一項極花時間的工作。,花,
这本书的名字是什么？,书,
我住的公寓距離車站步行不到五分鐘。,行,
三菱銀行和東京銀行合併了。,行,
走到车站要花多少时间？,花,
校长向每个毕业生颁发了毕业证书。,书,
群众妨碍了警员执行任务。,行,
地铁站的附近有银行吗？,银行,
车站的附近有银行吗？,银行,
行胜于言。,行,
他言行不一。,行,
你能帮我拿这个行李箱吗？,行,
我从美国订购了一些新书。,书,
我对自己的行为感到羞愧。,行,
我去歐洲旅行的時候，在火車上給人偷了東西。,行,
我每天都會花一小時來學英文。,花,
我的行李箱好像被偷了。,行,
你经常去国外旅行吗？,行,
它至少要花五美元。,花,
我边走边看着书。,书,
我更愿意走路，而不是骑自行车。,行,
我去车站为我朋友送行。,行,
我连自行车都没有，更不用说汽车了。,行,
天花板上有一隻蜻蜓。,花,
那對夫婦花了很多錢來佈置他們的房子。,花,
飛機在三千米的高空飛行。,行,
我的书为什么会在这里？,书,
你能拿到架子上的书吗？,书,
这篇作文花了我两个小时来完成。,花,
我连自行车都没有，更別说汽车了。,行,
我连自行车都没有，更別提汽车了。,行,
不管哪几本，就选择三本书吧。,书,
招股说明书必须由两名保荐代表人签字。,书,
其实，书面语我搞得相当好，但是口语中，我经常会记不起来某个字的音调。,书,
从来没有见过有谁能仅通过读书就能学会打篮球的，其实学习外语也是一样的道理。,书,
有些学生在图书馆，但有些在教室里。,书,
我在图书馆看见了约翰。,书,
我还是应该买你的书。,书,
别看这样的书。,书,
我不小心打落了一个花瓶。,花,
他往右边移了书桌。,书,
这本书里面有四十张照片。,书,
湯姆把黏土塑成了一個花瓶。,花,
我给我的自行车系统地安装了防盗装置。,行,
她很想知道那束花是誰寄來的。,花,
我想还待一夜，行不行？,行,
我在银行附近碰见老朋友。,银行,
他雇用了新秘书。,书,
他有些在日本不能找到的外书。,书,
我在你的生日会送给你一辆自行车。,行,
去外國旅行不能不帶護照。,行,
搶劫銀行的後果就是在監獄裏蹲十年。,行,
很多学生买了这本书。,书,
我爸現在在花園裡頭。,花,
我要到花展上展示我的玫瑰花。,花,
海上旅行很有趣。,行,
这本书读来很有趣。,书,
我要去给花园浇水了。,花,
这些书是新的。,书,
学校与企业见面会于12月26日按期举行。,行,
火花塞该换了。,花,
在情人节，我用玫瑰花瓣拼出了我的另一半的名字。,花,
我的母亲经常让行人吃耳光。,行,
男孩收集了一把花生，然後把它們放到了一個小箱子裏。,花,
我要去花园里浇水了。,花,
他找到了我的自行車。,行,
我温书温了一个小时。,书,
有时我会在图书馆看见他。,书,
老师告诉我们必须看什么书。,书,
在美国，汽车靠右行驶。,行,
這家酒店在旅行指南上有四星級的評分，但是卻完全沒有四星級的水準。,行,
这根本不行。,行,
你们有很多书。,书,
把这本书给她。,书,
看起来这都是天书。,书,
我问他我可不可以看他的书。,书,
很多公司實行8小時工作制。,行,
你们经常旅行吗？,行,
我有新的自行车。,行,
他竟然厚着脸皮穿过我们的花园。,花,
他的爱好是画有花的图。,花,
Ken有比你更多的书。,书,
他给我写了情书。,书,
我有两本书。,书,
會議將會在七月十五日（星期二）的下午、七月十六日（星期三）的全天和七月十七日（星期四）的早上舉行。,行,
少了運氣無法航行。,行,
她種了玫瑰花。,花,
不要打开你的书。,书,
你愚蠢地行事，你会付出代价。,行,
将来我想做飞行员。,行,
那年轻人很喜欢骑自行车。,行,
为了提高出生率，中国政府花了很多钱在大熊猫成功繁殖的研究上。,花,
骑自行车不能载人，你不知道吗？,行,
你们把自行车留下，明天带着身份证和20块钱到交通局领自行车。,行,
天文學涉及恆星和行星的研究。,行,
谁也不能阻止这个计划的实行。,行,
书桌上有一个苹果。,书,
这些高官和富商的大四合院常常有精美雕刻并粉刷的横梁和柱子，并伴有精心修剪的花园。,花,
調查正在進行中。,行,
今天是交学费的最后一天，我银行卡里没钱了。,银行,
学习语言随着Skype的发行而变得更容易。,行,
他在海上旅行。,行,
他的英勇行為使他贏得了尊重。,行,
"如果你做慢一點, 它就會進行的快一點。",行,
他睡得像朵玫瑰花。,花,
"每年此時, 你會發現路邊開著很多花, 比方牛香菜，油菜和蒲公英。",花,
銀行家的生活是沉重的。,行,
我們移走了行李騰出空間讓老太太可以坐下。,行,
我们去了车站为她送行。,行,
咱们一起去图书馆学习，你看怎么样？,书,
花瓣浮在水面上。,花,
她会坐在那里看书。,书,
我喜歡旅行。,行,
就算下雨，足球比賽也會如期進行。,行,
这本书不是我的。,书,
别把鲜花插在牛粪上。,花,
咱们一起去图书馆学习，你说怎么样？,书,
咱们一起去图书馆学习，你觉得怎么样？,书,
你花這麼多的錢買了什麼東西?,花,
"孩子們不是在起居室, 而是在花園裡玩。",花,
"做正常的行為就好, 你做的已經夠瘋狂的了。",行,
不要走在花床上。,花,
我想要聽流行音樂。,行,
唯有我們有一個花園!,花,
中国福建省福州市动物园在训练大熊猫方面做得比它的同行多。,行,
用花迎春是中国的传统。,花,
春季的时候，中国北边很冷，所以在外边的花不开花。,花,
农村的女孩喜欢把红色的纸裁减成桃和李的花及贴在门窗上。,花,
因为气候又暖和又湿润，所以广州一年到头都有花。,花,
从那时起，在广州每年春节的时候都有花节。,花,
那里的古话说“没有花节，没有春节。”,花,
他們在花園裡。,花,
但是，相对于城镇网民，农村网民对网络新闻、搜索引擎、网络购物、网上银行和网上炒股等应用程度要低很多。,银行,
她把她的行李送到機場。,行,
今天下午她將清洗自行車。,行,
飛到這個島將花費您一百美元。,花,
用兩隻手拿好花瓶。,花,
您必須為你自己不小心的行為負責。,行,
"你不知道, 我的兒子, 對於世界如何運行所知甚少?",行,
讓我們繼續進行議程上的項目。,行,
请小心别打碎了这个花瓶。,花,
用兩隻手握這個花瓶。,花,
他們明天舉行婚禮。,行,
"親愛的, 上床吧。 ""不, 還不行。我在Tatoeba上還必須翻譯一些句子。""",行,
他们沿着非洲西岸航行了。,行,
这本书是用简单英语写成的，让初学者看得懂。,书,
我有一辆旧的自行车。,行,
他在行竊的時後被發現。,行,
學校坐落於距離車站步行五分鐘的地方。,行,
"有可能將電腦工作擴展到銀行業務, 會計業務等等。",行,
那天晚上，大學给留学生和中国的学习外语学生举行一个会议。,行,
我花了比平常多一點的時間入睡。,花,
這不是很流行。,行,
你怎么花的那些钱？,花,
我們搭飛機去墨西哥旅行。,行,
搭帳篷花了我們半小時。,花,
花光他們所有的錢會很荒謬。,花,
這家銀行一週前被搶劫。,行,
他們在無重力狀態下進行了一連串的實驗。,行,
讓我們從最後一行開始吧。,行,
"我在我的行李上附上了有我名字的標籤, 但是它很快就剝落了。",行,
科學家們可以很容易地計算出行星之間的距離。,行,
"我是警察。你可以到警察局來嗎? ""為-為什麼?"" ""你不能認為在市中心開槍射擊不是犯罪行為?!""",行,
誰是行政助理？,行,
"錢要花很長的時間來賺, 但你可以一下子就花掉它了。",花,
我理所當然地認為他會履行諾言。,行,
所有的学生中，只有一个看过那本书。,书,
在第四行写下您的姓。,行,
这是一本关于星星的书。,书,
您只要按下按钮就行了。,行,
我回到家的时候，Ken正在读书。,书,
我厌烦了他的行为。,行,
你能把你的自行车借我两天吗？,行,
他履行了他的承诺，并且帮助了他的兄弟。,行,
她不能写字也不能看书。,书,
她用玫瑰花装饰了她的房间。,花,
送这束花的人可能是佐藤小姐。,花,
在我買蔬菜的那個市場上也可以買到花。,花,
那邊停著的那輛自行車是我哥哥的。,行,
他每星期洗自行車。,行,
他们不会让我们进花园的。,花,
他们不会允许我们进花园的。,花,
你用了多少时间来翻译这本书？,书,
花園裡的草發芽了。,花,
這件我想要的夾克花費三百美元。,花,
他在他的花園裡種了蕃茄。,花,
这是托尼的书。,书,
这本书是托尼的。,书,
这本书属于托尼。,书,
完成这个工作不会花太长时间。,花,
我要把这本书留给自己。,书,
我问了比尔他旅行期间天气怎么样。,行,
小心不要在单行道逆向行驶。,行,
她下午会洗自行车。,行,
我的房間面向花園。,花,
我常常看书。,书,
我叔叔在車站附近有一家花店。,花,
修理我的腳踏車花了我一千日圓。,花,
他虽然有好多女朋友，但是还不是一个花花公子。,花,
奉行君主的命令不得有二心，這是古代的制度。,行,
这本书是新的。,书,
这是我仅有的一本书。,书,
孩子们的衣食住行靠的是他们的父母。,行,
今天强盗大白天的就抢了另一家银行。,银行,
你知道伦敦交响乐团的演奏会行程吗？,行,
我爸爸在花园里。,花,
她从伦敦订了这本书。,书,
她在伦敦订了这本书。,书,
外行冒充内行。,行,
他们原谅了他的罪行。,行,
这张书桌花了我不下30000日元。,书,
現今每個人都對天花免疫了。,花,
共產主義是在蘇聯被實行的制度。,行,
我想一個人去旅行。,行,
六点您行吗？,行,
相關調查正在進行中。,行,
我的行李丢了。,行,
明天图书馆见。,书,
我宁愿不睡觉也要看完这本书。,书,
大学对面有几家书店。,书,
他正在籌備一次旅行。,行,
我寧願搭飛機旅行。,行,
他儿子的犯罪行为给他带来了很大的痛苦。,行,
我為一家銀行工作。,行,
朋友就像生命之园里的花朵。,花,
跨国公司预料到了规模经济的实行。,行,
他为她摘了些花。,花,
我会把这本书给你。,书,
這些花比別的花早開花。,花,
"那麼, 讓我們開始進行吧。",行,
將融化了的奶油倒入爆米花中。,花,
一架飛機在這個城市上空飛行。,行,
行與行之間要留一個空間。,行,
UFO代表不明飛行物體。,行,
幾乎是櫻花綻放的時候了。,花,
会议将会在特意安排的礼堂里举行。,行,
車輛靠左行駛。,行,
搭飛機是最快的旅行方式。,行,
步行到車站要一小時。,行,
蒼蠅能在天花板上走。,花,
有一隻大蒼蠅在天花板上。,花,
飛行員用無線電與機場溝通。,行,
上樓把我的旅行箱拿下來。,行,
天文學涉及恆星和行星。,行,
軍人必須履行他們的命令。,行,
花園裡雜草叢生。,花,
所有花園裡的花朵都枯萎了。,花,
花園裡沒有任何玫瑰。,花,
这些书都是我的。,书,
我喜欢嗑葵花籽。,花,
這些花生長在溫暖的國家。,花,
花園裡有竹子在生長。,花,
我想兌換旅行支票。,行,
新郵票將於下個月發行。,行,
我們對他的過去進行了調查。,行,
我阿姨在她的花園種蕃茄。,花,
我的母親在她的花園裡種花。,花,
我討價還價地買到了這輛自行車。,行,
他厌倦了读书。,书,
他们只对卖书有兴趣。,书,
他写了本关于美国南北战争的书。,书,
我認識了這位行政長官。,行,
他從銀行得到了貸款。,行,
世界就像一本书，不旅游的人只读了一页。,书,
过两三天就要开花了。,花,
她今晚舉行派對。,行,
我喜歡搭火車旅行。,行,
她为自己孩子的行为感到羞耻。,行,
金融危机打击了所有经济行业。,行,
建筑业是个阻塞的行业。,行,
这是很有前景的行业。,行,
我该说，他的行为是典范。,行,
董事会一致决定任命她为执行总裁。,行,
这个跟我的秘书研究吧。,书,
营销主管在和执行委员会主席开会。,行,
George計算他旅行的開銷。,行,
樂團演奏了許多進行曲。,行,
她花很多時間在練習彈鋼琴。,花,
凡事行中庸之道。,行,
山窮水盡疑無路，柳暗花明又一村。,花,
这本书会对我们有很大用处。,书,
一些在我的花園裡的玫瑰是白色的，其他的則是紅色的。,花,
賽義認為數學家自給自足的獨行於一小塊天堂。,行,
她更新了花盆裡的土。,花,
他決定成為一名飛行員。,行,
那家店位于银行与学校之间。,银行,
婚礼在哪儿举行？,行,
那个拿着花的女人是谁？,花,
所有這些會議都是以英語進行的。,行,
布萊恩為了這次旅行學英語。,行,
要精通英語將會花費你很長的時間。,花,
搭飛機是旅行最快捷的方法。,行,
坐飛機去沖繩要花多長時間？,花,
坐飛機將花你多少錢？,花,
搭飛機將花你比較多的錢。,花,
应该趁年轻多读点书。,书,
去纽约旅行吧！,行,
我每天要么骑自行车，要么坐公车上班。,行,
他是在这里教书的最年轻的教师。,书,
这本书在英国印刷。,书,
你读完那本书了吗？,书,
他在20岁的时候写了这本书。,书,
花园里开满了黄花。,花,
我希望所有那些想要修訂現行著作權法的人一個從容不迫的夜晚，但實際上所有其他的人也一樣。,行,
來吧，讓我們來談談花。,花,
你看到的這些花是玫瑰。,花,
我爸爸每周给我零用钱，我会用来买漫画书和冰激凌。,书,
他的行为让我坐立不安。,行,
你觉得足球在美国没有那么流行是什么原因？,行,
有人偷了我的行李。,行,
她在她花园里种西红柿。,花,
这本书你该还给他。,书,
你执行你的计划了吗？,行,
你必须按照你的计划行事。,行,
缓期执行在最后关头决定了下来。,行,
男孩在他的花园里，我听着他的声音。,花,
他怀疑的无耻行为差点要了他的命。,行,
他们没有立刻行动。,行,
这本书不是给年轻读者看的。,书,
鳥類飛行。,行,
鮮花盛開。,花,
他愛旅行。,行,
他旅行洽商。,行,
這本書就行了。,行,
你必须马上行动。,行,
您必须马上行动。,行,
他有各种各样的书。,书,
颜色无所谓，给我一支笔就行了。,行,
我们学校的图书馆很小，但是是新的。,书,
這是邁克的自行車。,行,
他習慣了旅行。,行,
繼續直行。,行,
這輛自行車是我的。,行,
這玫瑰花很美麗。,花,
那些花已經枯死了。,花,
明天我一定要记得去买那一本书。,书,
您在英国从事中医行业多长时间了？,行,
花园在房子对面。,花,
在我的城市的所有花園裡，踐踏花壇是違法的。,花,
其他人的期望會影響我們的行為。,行,
那是犯罪行为，你肯定会受到惩罚的!,行,
我注意到他装得就好像他在读书一样。,书,
计划被执行了。,行,
请确认装置牢牢地固定在天花板上了。,花,
他说得就好像他真的在国外读过书一样。,书,
装置被牢牢地固定在天花板上。,花,
这不行!,行,
这怎么行!,行,
不行吗？,行,
布魯斯夫人是英國和日本之間航線的第一位女性飛行員。,行,
如果你把自行車留在雨中，它會生鏽的。,行,
已經花費了很多的時間和精力。,花,
"“你想去那么多国家旅行, 打算怎么和别人交流？”　“这是没问题的。我会世界语。”",行,
有些男人，在家里从来不做事的，到了花街，却有令人意想不到的亲切和勤劳。,花,
比爾會騎自行車。,行,
花子非常喜歡蛋糕。,花,
要花多久時間？,花,
貝蒂正在澆花。,花,
櫻花非常漂亮。,花,
一切按計劃進行。,行,
他喜歡獨自旅行。,行,
我不喜歡假花。,花,
在面試的時候你必須見機行事。,行,
我花了大約五十美元。,花,
只要把那些包包放在任何地方都行。,行,
我只花了三美元。,花,
我已經澆完花了。,花,
它不會花很長的時間。,花,
許多朋友為他送行。,行,
他为一次海外旅行存钱。,行,
我母親教插花藝術。,花,
"它將花費大約10,000日元。",花,
我怕它是行不通的。,行,
你曾經坐飛機旅行過嗎?,行,
他不喜歡搭飛機旅行。,行,
她花了整個下午作飯。,花,
她能忍受長途旅行嗎？,行,
车行道滑的。,行,
这破坏会花费我们很多钱。,花,
俗話說：三百六十行，行行出狀元；可俗話又說：萬般皆下品，唯有讀書高！,行,
俗話說：雙喜臨門；可俗話又說：福無雙進，禍不單行！,行,
俗話說：嫁雞隨雞，嫁狗隨狗；可俗話又說：男怕選錯行，女怕嫁錯郎！,行,
口說好話，心想好意，身行好事。,行,
口說一句好話，如口出蓮花；口說一句壞話如口吐毒蛇。,花,
世上有兩件事不能等：一、孝順 二、行善。,行,
修行要繫緣修心，藉事練心，隨處養心。,行,
女人一定要對自己好一點。一旦累死了，就會有別的女人花你的錢，住你的房，睡你的老公，打你的娃！,花,
他在他的花園種番茄。,花,
最近的旅行社在哪裡？,行,
你一用完了这本书，就把它放回原来找到的地方。,书,
這份工作看起來很簡單，但它花了我一個星期。,花,
父親買了一輛新自行車給我。,行,
这本书非常厚。,书,
反正到了二十二岁什么都知道了，看书还有什么用呢。,书,
請去銀行。,行,
你有任何一日遊的行程嗎？,行,
她按着预谋的决定行动了。,行,
写字台底下有没有任何书？,书,
办公桌底下有没有任何书？,书,
把书目提要交上。,书,
我在学校读书。,书,
我让我秘书打了信。,书,
她下决心要成为秘书。,书,
秘书把她上级说的话记了下来。,书,
秘书面无表情的回答了我。,书,
秘书冷漠地回答了我。,书,
秘书的职位已经有人了吗？,书,
有一个做秘书的空缺职位。,书,
这本书不像那本那么容易。,书,
許多花在三月份綻放。,花,
雖然我行過死蔭的幽谷，也不怕遭害， 因為你與我同在；你的杖，你的竿，都安慰我。,行,
花子又忘記她的傘了。,花,
他继续读他的书，就好像什么都没发生过一样。,书,
海王星是太阳系第八个行星。,行,
這艘船逆風而行緩慢前進。,行,
你明天的行程安排是什麼？,行,
女病者抬头把身体靠在以金字塔的样子排成的绚丽绣花垫。,花,
每隔一行寫。,行,
他们坚持认为日常锻练是必得表出的行为。,行,
他去歐洲旅行了。,行,
我難以容忍他的行為。,行,
我免費得到這輛自行車。,行,
他把他的旅行推迟到明天了。,行,
我能借一下您的自行车吗？,行,
謊言像一朵盛開的鮮花，外表美麗，生命短暫。,花,
你的工作進行得怎麼樣？,行,
我要他提行李箱。,行,
我免費得到了這輛自行車。,行,
她怕獨自旅行。,行,
他的行為冒犯了我。,行,
我想和你去旅行。,行,
我阿姨給我帶來了一些花。,花,
我父親喜歡搭飛機旅行。,行,
正是樱花最美的时节。,花,
我可以看看你的行李條嗎？,行,
在花瓶裡裝些水。,花,
她在花園裡種了玫瑰。,花,
他是个国际银行的翻译。,银行,
禍不單行。,行,
這將花費約10000日元。,花,
請告訴我有關你旅行的事。,行,
打牌是一種流行的消遣方式。,行,
去年夏天我去意大利旅行。,行,
"我的兄弟把他的貓取名為""花子""。",花,
我父親的嗜好是種玫瑰花。,花,
“拜个不够行的师父，很伤脑筋吧？”　“我也很笨，所以没关系。”,行,
他们到位了实行新概念的广告策略。,行,
我们必得缴通行税才能在这条道路上行驶。,行,
她在花園裡摘花。,花,
現在很多人開車去旅行。,行,
鲍勃在他房间里有很多书。,书,
鲍勃有太多的书要读。,书,
鲍勃忘记带通行证，这使得他上学迟到了。,行,
這個行為的目的是不明確的。,行,
星期天銀行沒開。,行,
你旅行的目的是什麼？,行,
我看他的計劃可行性不大。,行,
必須採取一些行動了！,行,
你的自行车比我的好。,行,
明天他們將舉行派對。,行,
這朵花很美，不是嗎？,花,
他們在花園裡種花。,花,
花園裡沒有人。,花,
马克有我的书。,书,
這些花有一種獨特的氣味。,花,
我們在我們的花園裡種蔬菜。,花,
行星繞著太陽轉。,行,
您此行的目的是什麼？,行,
花園裡充滿了花朵。,花,
這些花很美，不是嗎？,花,
我上個月舉行了婚禮。,行,
我們今天晚上將舉行派對。,行,
我們下個星期六將舉行派對。,行,
搭公車到那裡大約要花多久的時間？,花,
復原需要花很長的時間嗎？,花,
你可以把我的行李拿到樓上嗎?,行,
那頂帽子花費了大約五十美元。,花,
把我的電視機修好花了我一萬日元。,花,
都市裡的父親每天花八個小時在辦公室裡，而且每天早上和晚上另外再花兩個小時在往返於工作並擠滿了人的火車上。,花,
三思而後行！,行,
那天我不行。,行,
會議將於明天舉行。,行,
這是一朵非常美麗的花。,花,
這個花叫什麼名字？,花,
你為什麼不舉行派對？,行,
我們在花園裡摘花。,花,
人類食衣住行娛樂用的每一件東西都是全世界的人一起幫我們做出來的，而且參與的每個人都只知道怎麼創造一小部分，沒有例外。因此當我們決定幫自己一把來幫助全世界，只要全力關注創造，全世界的人都會幫我們。,行,
他在花園裡找到了一顆球。,花,
這艘船航行通過了直布羅陀海峽。,行,
我在機場為茱莉送行。,行,
長途步行後我覺得餓了。,行,
我花了五元買這本書。,花,
鐵路工人明天將繼續進行罷工。,行,
你要這些花中的任何一朵嗎？,花,
我花30美元買了一台照相機。,花,
我騎了我的自行車去商店。,行,
他花了1000日元買這本書。,花,
我正從花園來。,花,
從這裡到希爾頓飯店要花多久時間？,花,
當我有一個懷孕的妻子，而我取下我的結婚戒指去約會派對是可行的事嗎？,行,
科學講求實證，所以當全世界都覺得你不行，但你自己覺得行，至少覺得你不行的那個假設已經被推翻了，接下來只要一直嘗試，你行的假設就不會被推翻！,行,
我通常騎自行車去上學。,行,
我簡直不用花錢就買到了。,花,
我花了3000日元買了一張新的CD。,花,
世人都不記住善行。,行,
我寫這封信得花三小時。,花,
她正在澆花。,花,
應該為這些花遮擋風雨。,花,
行動勝於雄辯。,行,
坐而言不如起而行。,行,
行動比語言更響亮。,行,
他喜歡照顧花園。,花,
我上週日花時間看了一本小說。,花,
我在人行道上發現了一枚硬幣。,行,
我花了一個半小時的時間解決這個問題。,花,
讓我們進行討論。,行,
他把他的行李留在車站。,行,
彼得不是有意打破花瓶。,花,
他写了很多关于中国的书。,书,
許多朋友來為我送行。,行,
步行到車站要花十分鐘。,花,
瑪麗手上有一朵花。,花,
我可以用旅行支票支付嗎？,行,
現在長裙不流行了。,行,
她在花園裡發現了一顆球。,花,
我想要一間面對花園的房間。,花,
她手上有一朵花。,花,
請將您的自行車移出這裡。,行,
我一天花了500美元。,花,
她正忙著準備這次旅行。,行,
那輛在樹下的自行車是我的。,行,
這條路太窄汽車無法通行。,行,
在花園裡的玫瑰正盛開著。,花,
你把我的行李放到哪裡去了？,行,
我們很節省地旅行。,行,
我們用少的預算旅行。,行,
這台相機至少要花費500美元。,花,
我們乘著獨木舟向河的下游而行。,行,
在北海道周圍可以看到這些花。,花,
在英國開車要靠左行駛。,行,
這樣的行為導致問題。,行,
他的一生都在学习，教书。,书,
他的教导都包含在道教者看作关于宗教最后的权威的道德经那本深刻的书。,书,
北军行动失败得如丧家之犬。,行,
可想而知我在学汉字上花太多时间，所以我应该更好地练习语言的其他方面。,花,
挺好，挺好，下一次再花点儿功夫就成功了。,花,
我們請花子彈鋼琴。,花,
你此行的目的是什麼？,行,
在門口的自行車是我的。,行,
他的秘书好像了解真相。,书,
我們必須取消我們去日本的旅行。,行,
他的行為和他的信念背道而馳。,行,
這件衣服花了我40000日元。,花,
短裙已經不流行了。,行,
我喜歡流行音樂。,行,
我去年做了一次長途旅行。,行,
他環遊世界旅行。,行,
她上週去旅行了。,行,
花子虛張聲勢。,花,
你的行為已經冒犯了他的尊嚴。,行,
讓我們租一輛自行車。,行,
他总是注意着他的孩子的行为。,行,
很多月亮在土星四周绕轨道运行。,行,
他花了一上午的時間看書。,花,
許多衛星繞著土星運行。,行,
舉行了一場歡送會以紀念瓊斯先生。,行,
如果可能的話我想去世界各地旅行。,行,
當她的孩子在公共場合行為表現不好的時候，她覺得很尷尬。,行,
我完全没有读书。,书,
任何一本杂志都行。,行,
他喜歡到國外旅行,行,
如果进行尝试，任何人都可以做。,行,
我有一本关于钓鱼的书。,书,
工会参加了示威游行吗？,行,
捷克打破了他母亲心爱的花瓶。但是他母亲没生气，因为他不是故意的。,花,
我在澆花。,花,
我買了兩袋爆米花。,花,
他买一把刀行，我买就不行了吗？,行,
我先要去银行，然后去买票。,银行,
我觉得看一部电影比看什么书更有趣。,书,
她花实在太多的时间在网上冲浪。,花,
车取代了自行车。,行,
我通常帶著日記一起旅行。,行,
这是我自己的自行车。,行,
他们正在焚书。,书,
难道他可以买一把刀，而我就不行了？,行,
这套书共四十八册。,书,
请不要在图书馆的书上涂写。,书,
一个知识分子是发现到一种比性行为更有意思的活动的人。,行,
你认为为什么足球在美国不是很流行？,行,
说话的人用声音来表达他的意思，著书的人记录下人们说的话，因此留下言论为的是表达意思，而著作书籍为的是记录言论。,书,
你买了本什么样的书？,书,
“你好幸福。” “没有你幸福啦。我还在花父母的钱呢。”,花,
Linux系统的高手都会用命令行。,行,
我的笔记本电脑运行Linux。,行,
我在笔记本电脑上运行Linux。,行,
Ubuntu是一个流行的Linux发行版。,行,
我买了那些小孩需要的书。,书,
“她的书在那里？”“在桌子上。”,书,
他在书店买了本英文书。,书,
你读了那本书吗？,书,
看这本书是个好主意。,书,
他跟平时一样把钥匙放在书桌上。,书,
只有一家商店卖这本书。,书,
他们的这些行为很突兀。,行,
读这样的书会对今后的生活会有用。,书,
暴风雪的时候，我要骑自行车回公寓。,行,
木星是太陽系裡最大大行星。,行,
我對他的行徑難以忍耐。,行,
他已形同行屍走肉。,行,
我们学语言，主要通过背单词，看语法书。,书,
既然我在和我的银行咨询人员谈论我的贷款， 我顺便说一下我妻子的。,银行,
在没有良师益友的时候，读书是非常好的学习方式。,书,
不消三個月，這筆錢就會全給我花清光。,花,
你喜歡旅行嗎？,行,
周六银行不开门。,银行,
据我所知，这本书还没被翻译成日语。,书,
多花點錢在房子上，也有一些好處 ﹣ 例如，賣的時候可以賣個比較好的價錢。,花,
他在看书。,书,
他喜欢这本书。,书,
不會花很多時間的。,花,
这些书和衣服都是你的。,书,
今年夏天滿多情人去夏威夷旅行。,行,
我边吃饭边看书。,书,
我还年轻的时候曾经祈祷，希望自己能得到一辆自行车。后来我意识到，这样向上帝祈求是行不通的。因此我偷了一辆自行车，并祈求上帝能宽恕我。,行,
他的眼里涌动着泪花。,花,
大家都喜欢那朵花。,花,
这是花吗？,花,
在脚注中，书名和杂志名称要用斜体字书写。,书,
韦斯特先生和女士正在蜜月旅行的路上。,行,
我是不是应该给你那些书看？,书,
许多科学家认为海豚是仅次于人类的最聪明的生物。也许有一天我们可以跟他们进行真正的交流。,行,
她在图书馆读一本书。,书,
所有的花都是纸做的。,花,
我对他们无耻的行径感到厌恶。,行,
先生，我們可以檢查一下您的行李嗎？,行,
把它相较于其他有意思的活动：去电影院，看书，散步，跟朋友聊天等等。,书,
你的行李沉不沉？,行,
她姐姐没去中国旅行。,行,
他儿子不在银行工作。,银行,
你打算看什么书？,书,
大家都知道他不是什么小神。保护他就等于赞同和支持他的行为。,行,
你负责赚钱养家，我负责貌美如花。,花,
太空旅行是不可能的。,行,
這趟旅遊花了我不少錢。,花,
我倒水進去花瓶裡。,花,
虽然她知道那家公司不但对当地官员行贿而且也给她的家人带了了极大的麻烦，可她还是应聘了那家公司的一份工作。,行,
這是朵人造花。,花,
我突然跳起来的时候把花瓶桌子上的打翻了。,花,
跟上最近潮流时尚是件非常花钱的事儿。,花,
帶著希望旅行比達到目的地更為美好。,行,
他們小型的示威引發了一場大規模的遊行。,行,
我上个星期匆匆地在我的房间里看了四本书。,书,
「小说啊？我就讨厌看小说。」天哪，请原谅她的亵渎行为。,行,
「小说啊？我就讨厌看小说。」缪斯，请原谅她的亵渎行为。,行,
那是小李的书。,书,
我會為這次行動負起全責。,行,
读书，可以获得乐趣、友谊、经验和指导。,书,
一本好书会令你全神贯注，甚至忘掉周围和自己。,书,
读书是人生一大快事。,书,
开心时，书可以给你增加快乐；忧伤时，书可以给你减少哀愁。,书,
无论读书的目的是什么，书总会带给我们乐趣和满足。,书,
一本好书在手，我们不必孤单。,书,
无论书中的人物是真实的还是完全假想的，他们能成为你的伙伴和朋友。,书,
在书中，我们可以跟各个时代、各个地方的智者仁人同行。,书,
我们在书中认识的人可以带给我们愉悦或是他们与我们生活中挚爱的朋友相似，或是因为他们是我们所不熟悉却乐于结识的人。,书,
我们生活中的朋友有时会让我们觉得无聊，而我们书中的朋友永远不会这样。,书,
书页翻动之间，我们可以对书中的人物不予理会而不伤及他们的情感。,书,
生活中的朋友弃我们不顾之时，书随时给我们送来友谊、同情和鼓励。,书,
你的书什么时候出版？,书,
这种行为可能造成意外。,行,
这书会教给你一个明了的美式人生观。,书,
我们住大图书馆附近。,书,
我们可能去旅行几天。,行,
从这里坐车，要花两个小时才能到我叔叔家。,花,
阅读一本书可以比作一次旅行。,书,
她会骑自行车吗？,行,
我不觉得电视会代替书籍。,书,
几个学生来到了图书馆。,书,
他把天花板刷成了蓝色。,花,
他常常坐着看书一连好几个小时。,书,
他对自己的思维方式进行着很多思考。,行,
你是我生命中最美丽的花朵。,花,
年轻人喜欢他的书籍。,书,
57号航班的行李在哪？,行,
这支笔花了我不止一百元。,花,
从这里步行到你家要多长时间？,行,
你可以在这两本书中选一本。,书,
请问问他们图书馆有没有这本书。,书,
母亲把一个大花瓶放在了架子上。,花,
这就是我找过的那本书。,书,
花园里的花需要浇水。,花,
她手里拿着花。,花,
從一個人在某件事上肯花多少時間，就能看出這件事對這個人有多重要。,花,
他写了一本关于丛林冒险的书。,书,
他应为他的英勇行为获得一枚奖章。,行,
月球不是一颗行星，而是地球的一颗卫星。,行,
我花了两倍的价钱买下这本二手书。,书,
别把你的书放在桌上。,书,
这是一朵美丽的花。,花,
这本书出版于1689年。,书,
我花了一整天來打掃房間。,花,
我让我哥修理我的自行车。,行,
他拥有的书是我拥有的三倍。,书,
你的书在书桌上。,书,
花园里树上的叶子已经完全变红了。,花,
哥伦布提出，向西航行可以到达印度。,行,
蜜蜂在花丛中飞行。,花,
格列佛为寻求探险而旅行。,行,
他的行为值得尊重。,行,
华盛顿的樱花现在开放。,花,
玛丽是汤姆的秘书。,书,
下午我必须为旅行做准备了。,行,
这本书弊大于利。,书,
“她的爱好不寻常啊，这个转学生。”“她长得可爱，所以对我来说还行。”,行,
他感染了旅行者的痢疾。,行,
四月春雨，五月花。,花,
我花園裏的花在寒冷的天氣下枯萎了。,花,
院子里有很多花吗？,花,
她昨晚已經收拾好行李，所以今天早上沒費多少工夫就準備好出門。,行,
海外旅行通常都要用到護照。,行,
花凋谢了。,花,
我敢花的就只那么多。,花,
我正拿着书.,书,
他们每星期天举行朝拜.,行,
不要把流星和小行星搞混了。,行,
我在银行存了1000美金。,银行,
行了。,行,
他买了些花。,花,
她非常好奇是谁送了她鲜花。,花,
他喜欢骑马出行。,行,
靠右侧通行。,行,
我在这东西上花了十美元。,花,
这本书的价格是5美元。,书,
你能借我这本书吗？,书,
他在银行里有大量钱财。,银行,
要是脸书上没有你，你就不存在！,书,
我给你一本书。,书,
我应该读这本书。,书,
她在银行工作。,银行,
我的英语老师建议我读这些书。,书,
她注视着一个不明飞行物，哑口无言。,行,
他们分道而行。,行,
我读完这本书需要三天。,书,
这个说法一下子就流行开来了。,行,
水梨在這家工廠進行裝罐。,行,
他花了50美元在夏威夷租了一辆汽车。,花,
细致地选择一本书。,书,
你喜欢这本书吗？,书,
这是我读过的书里面写的最差的一本了。,书,
他喜欢看我的中文书。,书,
他给姐姐买安娜写的书。,书,
他写了一封情书给我。,书,
我花10美元买的。,花,
我想去旅行。,行,
我看书的时候睡着了。,书,
我昨晚在床上看书的时候点着灯就睡了。,书,
他有多少册图书？,书,
他拥有的书比我的多。,书,
她不会读书写字。,书,
那个流行歌手自杀了。,行,
你一共花了多少钱？,花,
你为什么而读书呢？,书,
市政府想建设专门的自行车道。但是，很多司机反对这个主意。,行,
我通常骑自行车或乘公交车去上班。,行,
我难以容忍他的行为.,行,
吃早餐之前先澆花。,花,
我在骑自行车溜达。,行,
我没书可读。,书,
她对她的工作十分在行。,行,
以哄男人为生的生活手段也是有局限的，女人们都变成了傻瓜。实际上，战后成为主妇的日本女性，大部分年轻的时候都没读过什么书（有些理由是因为丈夫工作，而自己不能买书。）傻瓜一样的就那样活着，然后渐渐体会到活着的痛苦。,书,
你觉得那样子行吗？,行,
这本导游册子或许会对你的旅行有帮助。,行,
这是快接近末班车的巴士。也许是有点喝醉了，走路有点昏昏沉沉，摇摇晃晃。被别人按下的下车按钮声突然惊醒。下一站就是我要下车的站。乘过头的话是不行的。我一人下车后没有其他乘客的巴士又开始发车了。即便没有乘客也很包含着辛苦的。(言下之意是乘务员要帮助他一个人下车，流露出感激的心情),行,
"言談最大的罪惡,莫大於誣陷妄語. 行事最大的罪惡,莫大於刻薄寡恩.",行,
"如果有算命師對你說 ""你的財運非常旺, 賺大錢不是問題"" 但最怕的是人不肯身體力行, 只會想像而不會去做， 那麼,一切就只是空談罷了。",行,
到目前为止，你认为你阅读过多少书籍？,书,
图书馆位于市中央。,书,
这本书对于我来说太难了。,书,
读书静心。,书,
两种改进还需针对可得到的设备进行具体分析，以证明它在经济上是合算的。,行,
我已经看完这本书了。,书,
你只要坐在这儿就行了。,行,
吃药之前一定要仔细看说明书。,书,
你花多长时间汉语学这么好。,花,
从这儿开到东京我花了五个小时。,花,
她手中有一朵花。,花,
正在開花桃樹很美。,花,
学校的樱花开的烂漫，吸引了大量市民前来观赏。,花,
他为了买车向银行借款。,银行,
今日伦敦市长鲍里斯·约翰逊公布这一计划，促使青少年签署“文明宣言”，承诺在伦敦出行时讲文明讲礼貌。,行,
保守党的一位知情者说：“这个倡议与创造‘大社会’的努力配合得很好。这就是要改变行为文化和人们对此的期望值，以改善火车和公车上的气氛。”,行,
今日宣布实施这个计划之前，约翰逊先生说他决心制止“少数青少年”使用公共交通时的不良社会行为。”,行,
被判严重违反新的行为准则的青少年将失去免费乘坐公交车的权利，如果想重新取得必须做无报酬的社区工作。,行,
为了惩处累犯，约翰逊先生也创造了“二振出局”的政策，再次严重违反准则将永久失去免费旅行权利。,行,
最近的行动是继这项倡议之后而来的。,行,
邮局根据寄信地址将邮件进行分类。,行,
我們正在雲層上飛行。,行,
她把大部分的空餘時間都花在彈鋼琴上。,花,
他是日本著名的流行歌手。,行,
现在有些幼儿园推行的是双语教学，小朋友们都能滴里嘟噜地说上几句英语。,行,
小丁拿着一张照片问林老师：“您的这张照片是在北大图书馆照的吗？”,书,
世海拿着一本中文语法书去王老师那儿问问题。,书,
我突然想到，他可能在图书馆 。,书,
步行去那只要10分钟时间。,行,
我不是诗人，无法用一行文字描绘它的美丽。,行,
中国乒乓球队进行了一个月的封闭式冬训。,行,
面对这个机会不能犹豫，要赶快行动。,行,
他无视现行法律。,行,
何不送给她一些花?,花,
請將這些行李拿到郵局那邊。,行,
從車站步行到那房子只需要五分鐘的時間。,行,
我在涩谷站遇到了吉行先生。,行,
我家不行！我家已經有養狗了。,行,
這樣是行不通的啦。,行,
他失去了平衡，从自行车上摔了下来。,行,
你还没有为我的自行车付完款吗？,行,
我们学校的图书馆藏书很多。,书,
那習俗已經不再盛行了。,行,
现在很难静下心来好好看一本书。,书,
哪一本书都好。,书,
父亲在浇花。,花,
我希望今天晚上我能完成我的书。,书,
昨晚，烟花厂发生了爆炸。,花,
我有大量的书在我的书架上。,书,
卑鄙是卑鄙者的通行证，高尚是高尚者的墓志铭。,行,
从中学的时候我就知道，我能够花很多功夫去学习仅仅是因为我过得很寂寞。,花,
人有德行，如水之清。,行,
人若德行，如水之清。,行,
不來不行，我們人數不夠！,行,
我被強迫去執行一項很慘烈的任務！,行,
这家公司在石油行业排名第二。,行,
你可以删去书里面的最后一章。,书,
读书很重要。,书,
大多数学生步行去学校。,行,
“步行到 Vienon 需要多少时间？”他问。,行,
进入地球大气层后，小行星分裂成了无数的小块。,行,
他的日常行为并不和他的原则相一致。,行,
你甘愿做一个教书匠吗？,书,
就个人而言，我从没见过不明飞行物。,行,
对不起，我忘了把要还给你的书带来。,书,
警察找到了汤姆的自行车。,行,
请把书放在书桌上。,书,
这本书很易读。,书,
这本书很难读。,书,
这是违背体育精神的行为！,行,
你知道银行什么时候关门吗？,银行,
我必须在礼拜六之前把书还回去。,书,
阳台上坐着一盆花。,花,
你知道怎样使用这些命令行工具吗？,行,
她的花园是一件艺术作品。,花,
这将是我环绕美国旅行中一个很好的纪念品。,行,
你喜欢怎样的花？,花,
你将伴我同行。,行,
他们正在读她的书。,书,
我已经读过很多种类的书了。,书,
Taninna 每天都去图书馆学习。,书,
我想要一个洋娃娃，一辆新自行车……以及世界和平。,行,
很多人无法理解黑客们的行为。,行,
我爷爷喜欢步行。,行,
那本书在哪儿？,书,
步行是有利于健康的运动。,行,
其实我的薪水是足够用的，只因我枵腹买书，所以就显得清苦。,书,
她把书带回了图书馆。,书,
用世界语写情书很容易。,书,
我最终得到了我要的那本书。,书,
你可以利用他的图书馆。,书,
老师教书。,书,
他把书放在了书架上。,书,
中国政府25日发布了《钓鱼岛是中国的固有领土》白皮书。,书,
"25日,中国政府发布《钓鱼岛是中国的固有领土》白皮书。",书,
她从书架上取了一本书下来。,书,
妈妈给我买了一辆新的自行车。,行,
大门旁边的自行车是我的。,行,
这本书是我的。,书,
这本书包含了许多美丽的插图。,书,
这本书的内容是什么？,书,
她整晚都在看那本书。,书,
桌子上有一本关于舞蹈的书。,书,
你在哪儿？ 我在花园中。,花,
阅读所有好书，如同与千百年来写就它们的高尚人士的一场对话，而且是一场认真研讨的对话。其间，他们向我们展示的是他们思想的精华。,书,
把这些花插在花瓶里会更好看。,花,
你读这本书应该很容易。,书,
你将认识到这两本书都很有意思,书,
路标上写的什么？- 单向行驶。,行,
银行九点开门。,银行,
他行动迅速。,行,
他不能忍受她不友好的行为。,行,
她的书卖得很好。,书,
你的第一份工资要怎么花？,花,
汤姆正在看书。,书,
她想知道是谁送的花。,花,
我需要工具来给花园除草。,花,
我对花粉过敏。,花,
汤姆正在清理花园。,花,
你把书给谁了？,书,
我发现你玩绝对不耽误学习。我就不行。,行,
我的书不超过十本。,书,
就算下雨，比赛也将照常进行。,行,
这是本有教育意义的书。,书,
修理自行車花了我5000円。,花,
我的朋友三天前開始旅行。,行,
桌子上的书是谁的？,书,
别把自行车放在外面给雨淋。,行,
不如我们走着去书店吧？,书,
这本书五岁小孩都能读。,书,
汤姆只按命令行事。,行,
玛丽早已出发旅行去了。,行,
因為車子壞了，他們只好步行。,行,
我想這工作粗略估計得花上兩個星期的時間。,花,
自行车冲向了终点。,行,
她去车站给她老师送行。,行,
多麼漂亮的花兒啊！,花,
你的书是什么：这本还是那本？,书,
我步行了。,行,
你可以从银行贷款。,银行,
你的行為引起了許多的麻煩。,行,
我为你的卑鄙行径刚到羞耻。,行,
园丁在花园的中央种了一棵玫瑰树。,花,
我不想读这本书。,书,
这本书很简单。,书,
未来飞行员将在模拟操作室中训练。,行,
未来飞行员会在虚拟驾驶舱里训练。,行,
我觉得你应该多花点时间在作业上。,花,
他花很多钱买了辆新车。,花,
我把我的行为看成是犯罪。,行,
说服他中止旅行真是件苦差事。,行,
他忠实地实行了该计划。,行,
与其去毕业旅行，我更想呆在家里。,行,
他让秘书用打字机写信。,书,
因为健康状况不佳，他没去成旅行。,行,
教书是我自己选择的职业。,书,
这本书没那本书大。,书,
这本书没那本大。,书,
本周公园樱花盛开。,花,
这件行李怎么办？,行,
如何处理这件行李？,行,
他按照我的建议行事。,行,
他对自己的违法行为毫不羞耻。,行,
这工作花了我五小时。,花,
他有很多书。,书,
天花板上有洞。,花,
“提出可行的办法”，人们一再地对我这样说。同样，人们也对我说，要实行大家所实行的办法；或者，最低限度要使好的办法同现有的坏办法结合起来。,行,
对于任何计划，都有两种事情要考虑：第一，计划要绝对的好；第二，实行起来要容易。,行,
如果我不能履行这个诺言，那无疑是我的错误，但是，如果我实践了自己的诺言，人们再对我提出更多的要求的话，那就是他们的错误了；因为我所许诺的只是这一点。,行,
他要强使一 种土地滋生另一种土地上的东西，强使一种树木结出另一种树木的果实；他将气候、风 雨、季节搞得混乱不清；他残害他的狗、他的马和他的奴仆；他扰乱一切，毁伤一切东 西的本来面目；他喜爱丑陋和奇形怪状的东西；他不愿意事物天然的那个样子，甚至对 人也是如此，必须把人象练马场的马那样加以训练；必须把人象花园中的树木那样，照 他喜爱的样子弄得歪歪扭扭。,花,
不要相信那些世界主义者了，因为在他们的著作中，他们到遥远的地方去探求他们不屑在他们周围履行的义务。这样的哲学家之所以爱鞑靼人，为的是免得去爱他们的邻居。,行,
如果你想知道公众的教育是怎么一回事，就请你读一下柏拉图的《理想国》，这本 著作，并不象那些仅凭书名判断的人所想象的是一本讲政治的书籍；它是一篇最好的教 育论文，象这样的教育论文，还从来没有人写过咧。,书,
投資一種生意要從很多方面進行評估。,行,
真理就是真理， 就算反其道而行故意掩盖它，这样的企图和白日做梦一样，不过是妄想而已。,行,
你在私立学校读书吗？,书,
你在私立高中读书吗？,书,
这些花的叶子都枯了，得给它们浇水了。,花,
我不忍目睹这种残酷的行径。,行,
你买了花儿没有?,花,
花儿你买了没有?,花,
花瓶里有一些花儿。,花,
书架上有几本书。,书,
她的行为很粗俗。,行,
舉手齊眉行西人儀禮.,行,
听那些只看CCAV的老百姓进行全球经济的个人分析一直是很有趣的。,行,
人生里的第一次，Yuka 读完了一本英语书。,书,
从这里到银行足有三公里路。,银行,
你真的要去伦敦读书吗？,书,
你還知道花聞起來是怎樣的嗎？,花,
沒有玫瑰花是不長刺的。,花,
汤姆把手伸向了书架上最高的一本词典。,书,
他供认了杀人的罪行。,行,
在浏览器端，耗时很长的操作都应该异步执行，避免浏览器失去响应，最好的例子就是 Ajax 操作。,行,
那本书在这里。,书,
花代价所换来的一点才智，抵过别人传授的数倍不止。,花,
这本书的目的不在于教你怎么编程，而在于计算的本质。,书,
在那个年代，心理学的两个主要学派是行为主义学派与精神分析学派。,行,
工程不同于艺术，不需要天马行空的自如，工程的完成离不开严谨周密的步骤，只有执著于流程的工程师，才能够各种工程中贯彻严谨周密的步骤，从而减少变数，保证工程顺利完成。,行,
这些花儿在接待处时还很漂亮。,花,
在图书馆。,书,
他在银行换钱。,银行,
那本书含有很多页。,书,
你这样肯定她，是不负责任的行为。,行,
她在哪儿买了这些书？,书,
这是不是茉莉花茶？,花,
您的行李箱有多重?,行,
曲棍球在中国不是很流行。,行,
我们这儿的花园里十二月报春花刚刚开放。,花,
这本教科书不错。,书,
你打算去哪些地方旅行？怎么去？为什么？,行,
这本书很好懂，对我来说。,书,
我看到桌上有本书。,书,
这个商店卖旧书,书,
我看到天花板上有一只苍蝇,花,
我不在乎花多少钱。,花,
为享受和生命激活而读书，和为知识和教化而读书，是两码事。,书,
新买的这个十字绣好难，估计我要花一年的时间才可以绣完它。,花,
北京有900万台自行车。,行,
马克的书非常有趣。,书,
你不走不行。,行,
汤姆在银行里存着三百万美元。,银行,
花园离你家有多远？,花,
这儿有银行吗？我想把日元换成美元。,银行,
我刚刚读完这本书。,书,
我必须去修理我的自行车了。,行,
他说地就像之前度过这本书一样。,书,
书在桌子上。,书,
花真的好香。,花,
不知何时春暖花开， 今天早晨还下雪了。,花,
我想在银行关门之前赶到那里。,银行,
我骑自行车去工作。,行,
直到党委书记出面加以解释，才算打消了这种想法。,书,
问题是行不通！,行,
银行开到几点？,银行,
我必须修理我的自行车。,行,
我读了这本书，它十分有趣。,书,
我的书一定在那个房间里的某个地方吧。,书,
奖金全部都花光在购物和旅行上了。,花,
我写了一篇文章，麻烦您看一下它行不行。,行,
上回他对我说，明天借我这本书。,书,
酒店中有花店吗？,花,
培养政治意识要花费时间。,花,
洛克希德丑闻是席卷美国主要飞机制造行业的世界性贪污丑闻。1976年2月被公布于众的洛克希德丑闻主要涉及到客机交易中的贪污受贿行为。,行,
由于她有神经上的疾病，对她进行紧急转院疗养是有必要的。,行,
这场谈话真是无法再进行下去了。,行,
汤姆为了开一家服装店所花费的努力已经成为了泡影。,花,
一部分人感觉Tom的行为举止不太合适。,行,
如果你用功地读书你会考中的。,书,
在我的桌上有一本书。,书,
浇花已浇完了。,花,
她花了好长时间挑帽子。,花,
她受得了长途旅行吗？,行,
她写了一本关于鸟类的书。,书,
她对鸟类和花草很有研究。,花,
她在花园里种玫瑰。,花,
她在花园里种了桂花。,花,
她在花园里种了一些菜。,花,
她给花园里的花都起了名字。,花,
她给花园除了草。,花,
我們在天上的父， 願人都尊你的名為聖， 願你的國降臨， 願你的旨意行在地上， 如同行在天上。 我們日用的飲食， 今日賜給我們。 免我們的債， 如同我們免了人的債， 不叫我們遇見試探， 救我們脫離凶惡。 因為國度、權柄、榮耀， 全是你的， 直到永遠。 阿們。,行,
行胜于言，但并不是所有情况都是这样。,行,
对于长年被花粉症折磨着的我来说，这服药真的是神一样的存在啊。,花,
由于系统出现故障，所以导致流程不能正常运行。,行,
花园里开满了紫丁香花。,花,
公司为了削减成本，拒绝让员工自行加班。,行,
如果完全相信书本上的知识（而不加区分、不思考），那么还不如不看书呢。,书,
小明读书是为了陶冶情操。,书,
在交通上花费的时间越短，则金钱上的消耗越多。,花,
汤姆甚至都没有看过玛丽给他的报告书。,书,
这辆车停在银行前。,银行,
这辆车在银行前面停下来了。,银行,
你认为电子书会取代纸质书吗？,书,
我意识到要实行这件事是很困难的。,行,
这本书是红色。,书,
世间鲜有没有排版错误的书籍。,书,
关于这个产品，我公司将执行新的价格标准。,行,
这本书满眼都是荤段子。,书,
因为我认生不太会说话，所以谈话怎么也进行不下去了吧。,行,
傳話遊戲是世界通行的遊戲。由第一個人傳話給另一個，另一個再傳給下一個，傳至隊伍尾端時，最後一位玩家將對其他玩家宣布所聽到的詞語。,行,
因为打不到车，只能步行了。,行,
我一把这本书读完了就借给你。,书,
想东想西而不付诸行动等于浪费生命。,行,
决定我们的行为的既不是善，也不是恶。而是我们的好恶，或者是快乐与不快乐。我只能这样想。,行,
双方本周举行会谈。,行,
在酷热中步行到办公区不是件好事。,行,
我想在出發旅行前剪個頭髮。,行,
儘管她想過一個人去國外旅行，她改變了主意。,行,
建新家花了很多錢。,花,
图书馆前种着许多树。,书,
这次旅行至少得花一星期时间。,花,
你的自行车比我好。,行,
我在读你的书。,书,
我的表兄弟太过沉浸于学业，以致于他的朋友们唤他作书虫。,书,
我父亲给我买了一辆自行车。,行,
"節目進行當中,我們要插播臨時新聞.",行,
苹果树上挂着美丽的花朵。,花,
我们只是书信联系，没有直接见过面。,书,
她是跟她朋友一起去旅行的。,行,
那台电脑是花三千块买的。,花,
家裡面史帝夫花錢花最兇。,花,
銀行今天有開嗎?,行,
孩子是我们生命中的花朵。,花,
这些是我的书，而那些是他的书。,书,
这些是很旧的书。,书,
这些是我的书。,书,
这些是我们的书桌。,书,
我要这本书。,书,
我在花园里玩。,花,
因為空氣汙染的問題，也許有一天自行車會取代汽車。,行,
我的姐姐结婚前是个秘书.,书,
这是我自行车。,行,
我找到了我要的书。,书,
我帮助我爸爸给花浇水。,花,
因此，必须进行额外的测试以确保完整的安全性。,行,
我们得出结论，这个计划目前是不可行的。,行,
我的书很重。,书,
他们今天下午2点会举行一个会议。,行,
在得到确认之前不要进行任何修改。,行,
有一些漂亮的花在花瓶。,花,
这本书关于生活在英国。,书,
那些花很漂亮。,花,
图书馆是人类的所有梦想交汇的地方。,书,
你把书拿反了，这是反面，这才是正面。,书,
我种植了两盆白兰花。,花,
那里展示着各种各样的书。,书,
我们经营各种书籍，包括新的和旧的。,书,
我从来没读过这么闷的书。,书,
把这本书翻译成英语。,书,
你的行为使全班的人丢脸。,行,
他因专心读书，没听到我的叫声。,书,
然后，虽然到那一天一直有阴暗的感觉，遍地都是花。,花,
行成于思，毁于隨。,行,
修补这个大约花费两千日元。,花,
比尔给我带来了这本书。,书,
骄傲是失败的先行者。,行,
舞台上撒了花瓣。,花,
哲学不是书面上的学问，而是一种生活的方式。,书,
千里之行始于足下，九层之台起于垒土。,行,
他的书是红色的。,书,
做出這個結論花了我們三個小時。,花,
在桃花心木的書桌上有著金屬的杯子和藍色杯墊。,花,
壁虎能夠在牆上、甚至在天花板上行走。,花,
当时正是早高峰，来来往往的行人和车辆很多。,行,
他的书和他父亲的一样多。,书,
那个男人最终供认了他的罪行。,行,
约阿夫行动是以色列独立战争中的一次作战行动。,行,
我妈是秘书。,书,
你的傷風要快點好啊，下個禮拜你就又要準備好了啦，我們沒了你是不行的。,行,
我想要本书。,书,
钱包里有两张银行卡。,银行,
这本汉语书对我们来说没有太难。,书,
这本书多少钱？,书,
这本书二十美元。,书,
这是本汉语书。,书,
请问，图书馆在哪儿？,书,
昨天我卖了两本书。,书,
我对书感兴趣。,书,
我卖两朵花。,花,
我卖花。,花,
我买的花。,花,
我买了两朵漂亮的花。,花,
哪本书是你的？,书,
他有一千多本书。,书,
他在图书馆里。,书,
去美国旅行一次相当于她两年的工资。,行,
下个月就要进行硕士论文答辩了。,行,
会花多长时间呢？,花,
我已经取了银行对账单。,银行,
这本书非常酷。,书,
我没给她带花来，而是带来一本书。,书,
孩子们正在花园里摘花。,花,
他學了三個月才學會了騎自行車。,行,
你忙，我自己干也行。,行,
公司从下个月开始推行新的管理制度。,行,
“单独二胎”政策已经在上海实施，将来可能会在全国推行。,行,
推行普通话，是中国的国策。,行,
凡事要尽力而为，更要量力而行。,行,
不能过度运动，要量力而行，否则反而对身体造成负面影响。,行,
买房要量力而行，但也要把握时机。,行,
大家同意先在这里住一晚，行程的事情明天再从长计议。,行,
把那两本书拿出来！,书,
我校图书馆藏书二百五十万册。,书,
我只写了两行。,行,
他才从图书馆回来。,书,
他们正在读一本书。,书,
他们奋斗的目标是消灭天花。,花,
你是否花了大把时间和汤姆在一起?,花,
她从银行取了钱。,银行,
天气预报是根据历史数据进行的。,行,
知道和行动是两回事。,行,
书散落在房里。,书,
我觉得这本书很简单。,书,
千里之行，始於足下。,行,
"学生去学校,肩上背着书包",书,
"如果给自行车上油,它会跑得更快一些。",行,
旅行时不要带太多行李。,行,
我丈夫总是在床上看书。,书,
这些书比那些书简单。,书,
从家到公司要花多长时间？,花,
从家走到这里需要花多少时间？,花,
这种行为叫做 “打小报告”。,行,
他把奖金存到银行了。,银行,
我整个上午一直在看书，现在很累。。。需要补充 能量,书,
他是从哪里抄来这本书的？,书,
这本书没劲儿，越看越想合上它,书,
请问，中国银行在哪儿？,银行,
请问，中国银行在哪里？,银行,
我们女同志怎么不行？妇女能顶半边天嘛！,行,
老王很谦虚，他说：“叫我负责可不行，跑跑龙套还可以。”,行,
综上所述，我们认为离婚是一种不道德的行为。,行,
小王，我可以用一下你的自行车吗？那没说的，你骑走吧！,行,
我一个人能行，你放心就是了。,行,
棉花吸水。,花,
若天氣許可的話，派對將會在戶外舉行。,行,
我花了五分鐘解決問題。,花,
你买了什么书？,书,
這部電影在年輕人之間很流行。,行,
他从书架上取下那本书。,书,
對於連續的攻擊行動警方一如往常般地束手無策。,行,
它花了我三天时间去阅读这本书。,书,
你带书没有？,书,
这些全部都是汤姆的书吗？,书,
有多少本算数书留着？,书,
汤姆，这些全都是你的书吗?,书,
银行周日不营业。,银行,
银行已经关门。,银行,
男孩在摘黄色的花。,花,
我明天要跟汤姆去坐船旅行,行,
这本书里有你应该知道的所有事的解释,书,
不好意思，请问你知道经济学部图书馆在哪里吗？,书,
你需要往花瓶里加更多的水。,花,
玛丽把一些花放进了花瓶。,花,
汤姆给玛丽买了一束玫瑰花。,花,
花子和太郎去吃了寿司。,花,
俗話說：「不應被流言蜚語所惑」，但你不覺得「知易行難」嗎？,行,
你來自哪個行星？,行,
我住在這個行星。,行,
我來自別的行星。,行,
地球是一個行星。,行,
火星是「紅色的行星」。,行,
那個行星叫土星。,行,
我的大儿子在念书。,书,
我到銀行去，很幸運地不必排隊。,行,
行星围着固定不动的恒星转。,行,
我希望你能读完这本书。,书,
把书给我。,书,
这是一本关于公共政策的书。,书,
他一個月花費多少？,花,
图书馆位于城市中心。,书,
把落在桌上的书拿上。,书,
爸爸给我买了书。,书,
插座在冒火花。,花,
我没钱买这本书。,书,
我在国外旅行的时候，我老婆老给我打电话。,行,
您是新来的秘书吧，不是吗？,书,
别把你的书放到桌子上。,书,
地球、火星和木星是行星。,行,
木星是太陽系中最大的行星。,行,
我应该取消我到洛杉矶的旅行。,行,
我还在读书。,书,
大多数电梯都是自动运行的。,行,
他骑自行车走的。,行,
不管有没有宗教，好人都会行善，而坏人都会作恶；但要是想让好人作恶，那就要靠宗教了。,行,
这本书我是在车站前的一家书店买的。,书,
我非常喜欢这本书。,书,
海王星繞行太陽一周要花一百六十五年。,花,
當我在你這個年紀時，冥王星是行星。,行,
由於軌道是橢圓形的，行星和太陽之間的距離不會總是相同。,行,
湯姆的住宅有一個不錯的花園。,花,
我花了好长时间才适应了委内瑞拉的口音。,花,
一个爱花的人坏不到哪里去。,花,
你喜歡這個花園嗎？,花,
我喜歡花。,花,
你看到一本书没有？,书,
世界就像是一本书，走一步等于翻了一页。,书,
我对这种愚蠢的行为表示非常的气愤。,行,
你咋花这笔钱嘞,花,
婚姻走过十个年头一切只是例行公事。,行,
这样讯问只是警察例行公事。,行,
我要去银行了。,银行,
读再多的书也不为过,书,
汤姆真正想要的是有足够的钱给玛丽买一些花。,花,
他被禁止行医。,行,
你在读哪本书？,书,
我们在天上的父，愿人都尊你的命为圣。愿你的国降临。愿你的旨意行在地上如同行在天上。我们日用的饮食，今日赐给我们，免我们的债，如同我们免了人的债，不叫我们遇见试探，救我们脱离凶恶。,行,
我的人生正如未开的花蕾。想在这青春的开始，不留下后悔好好珍惜。,花,
在读书的男孩是约翰。,书,
你想什么时候去图书馆哪？,书,
斯科特先用一块手表换了一本书，再把书换成了钱。,书,
我得写书。,书,
他有红色的花。,花,
读书的那个男孩子是约翰。,书,
“怎么了？” “我找不到我的钥匙了。” “什么钥匙？” “我的自行车钥匙。”,行,
只要你开心就行了。,行,
伦敦是个大城市，游客必须乘公交或地铁才能出行。,行,
恐怕他永远也不会承认自己的罪行。,行,
我是个书呆子。,书,
她就是所谓的书虫。,书,
湯姆把他大部分的空閒時間花在練習吉他上。,花,
旧约书中禁止食用贝类等有壳的水生动物。,书,
他不想要任何种类的花。,花,
Tom没有花费精力去打扮自己。,花,
Tom说他在这次的航行中读了一本书。,书,
我喜欢花时间和Tom在一起。,花,
我只有一本书。,书,
很多人喜欢步行。,行,
你不许看这些书，因为它对你不好。,书,
哪天才行？,行,
践行善事是没有早晚之别的。,行,
罪犯们密谋抢劫银行。,银行,
律师们会力劝家长们采取进一步的法律行动。,行,
我想花点时间斟酌斟酌再作决定。,花,
我们喜欢阅读书籍。,书,
你写这份报告花了多长时间？,花,
汤姆是只书虫。,书,
汤姆嗜书。,书,
这所房子不时进行扩建。,行,
当里约热内卢的一条高架自行车道倒塌时，有2人被砸死了。,行,
里约热内卢的一条自行车道倒塌了。,行,
里约热内卢的一条海边的高架自行车道倒塌了。,行,
汤姆参加了当地的一个自行车比赛,行,
汤姆在10岁的时候就学骑了自行车。,行,
根本就没实施过逮捕行动。,行,
大家都还行。,行,
花了很久才能听懂她在说什么。,花,
汤姆扔掉了他的旧书。,书,
她在行走。,行,
量力而行。,行,
汤姆正在自己房间里看书。,书,
我只是想要你把我前些日子借给你的书还回来。,书,
完蛋了，钱花得太多了。,花,
我有一輛自行車。,行,
送你這輛自行車。,行,
花瓶被打碎了。,花,
我昨天購物時自行車被偷了。,行,
你读完这本书之后， 记得要还给我。,书,
给我一点点就行。,行,
人类的愚蠢行为艺无止境。,行,
瑪麗婭花很多錢買衣服。,花,
你的行李超重了。,行,
必須判斷一個行為是否符合道德標準。,行,
我奶奶喜歡坐火車旅行。,行,
國家將對毒品政策進行改革。,行,
你可以保管這個行李直到下午三點嗎？,行,
书在哪儿？,书,
你花多少時間在Facebook上？,花,
我並沒有花那麼多時間在Facebook上。,花,
我花了幾乎一整天在用Facebook。,花,
太陽系中有多少行星？,行,
水星是我們的太陽系中最小的行星。,行,
土星是太陽系中第二大的行星。,行,
水星是太陽系八大行星中最小的。,行,
多好看的一朵花啊！,花,
這些花真好看！,花,
他是個花花公子。,花,
他是個花心大蘿蔔。,花,
Tom對烹飪很在行。,行,
我需要把錢從銀行提出來。,行,
他的行為構成了濫用職權。,行,
「你為什麼打破我的花瓶？」「你惡有惡報。」,花,
如果我用爬行的，也許能從柵欄下離開。,行,
我见她在人行道上走。,行,
旅行社會爲你安排去安達盧西亞的旅行。,行,
那会花很多时间。,花,
据我所知，这本书尚未被翻译成日语。,书,
吃爆米花可能比吃薯条更健康。,花,
他步行上学。,行,
有空就读这本书吧。,书,
你知道這花的名字嗎？,花,
瑪麗是在16小時跨大陸飛行中早產出生的。,行,
给我点水吧，行行好。,行,
這花聞著香甜。,花,
我花800日元买了这本书。,书,
这要花时间。,花,
湯姆花了大半箇早晨整理辦公室。,花,
我们该步行吗？,行,
汤姆为他怀孕的妻子骑行30千米到商店买草莓。,行,
桌上有些书。,书,
反社会者极少为他们的罪行显露懊悔或有罪恶的感觉。,行,
我在那商店花低價買了臺錄像機。,花,
别在吃饭时读书。,书,
你在读书。,书,
他在读书。,书,
我们在读书。,书,
你们在读书。,书,
您在读书。,书,
他们在读书。,书,
她们在读书。,书,
你必须为自己的行为负责。,行,
這計劃執行起來花銷會很大。,花,
请看这本书。,书,
這花是黃的。,花,
那差不多就是完美犯罪：我們到達現場，打開行李箱，殺了那人並消除指紋，但我們忘了藏屍體。,行,
运动会要延期举行。,行,
汤姆往炖菜里加了西兰花。,花,
我们都喜欢骑自行车。,行,
这是他们的书。,书,
她把錢存在銀行裡。,行,
無論通過行納粹禮還是將手放在胸前，我認為這種愛國主義的表現是一種病的症狀，而病因和治療方法有待進一步研究。,行,
幾箇世紀以來，天文學家相信銀河構成了整個宇宙。哈勃第一箇證明了通過望遠鏡看到的天空中的模糊花斑是其他星系，而不是銀河系的遙遠部分。,花,
谢谢你的花！,花,
汤姆想多把时间花在他的家庭上。,花,
相比第二本，我更喜欢汤姆的第一本书。,书,
要花很多錢。,花,
我跟湯姆出去逛，行嗎？,行,
我在读书。,书,
海龟是爬行动物。,行,
这肯定是我的书。,书,
随着故事的进行，谜题揭开了。,行,
汤姆在花园里站着。,花,
他是箇非常浪漫的男朋友，每晚都給我送花。,花,
我已经读完了所有哈利·波特书。,书,
铁路与公路平行。,行,
我認爲辯論該繼續進行。,行,
林肯向前政敌行礼。,行,
未满年龄饮酒是罪行。,行,
我要花很长时间。,花,
在哥伦比亚，天主教习俗盛行。,行,
雜草完全佔據了花壇。,花,
湯姆在他房間整理行李。,行,
買便宜貨要花很多錢。,花,
他父親在花園裏。,花,
是有人花钱让你做这事吗？,花,
我父親騎自行車去上班。,行,
湯姆在瑪麗身上花時間。,花,
我的银行账户里没留下钱。,银行,
我整天待在图书馆。,书,
他的这本书一点意思也没有。,书,
我花了一千日圓修理腳踏車。,花,
那些花死了。,花,
把书放在原处。,书,
人要为自己的行为负责。,行,
我们应该进行测试。,行,
情人節是應該送花，還是應該穿性感的內衣呢？,花,
別問問題。跟著我就行。,行,
那自行车是我的。,行,
我父亲在花园边上装了篱笆。,花,
我就要读完这本书了。,书,
我的兄弟在花園睡了一覺。,花,
元宵節要賞花燈。,花,
湯姆從沒忘記在婚禮周年紀念日送給他妻子花。,花,
我要在花園裏種些樹。,花,
桌子上只有一本书。,书,
你的学校有图书馆吗？,书,
內衣的花邊讓我有點癢。,花,
胸罩的花邊讓我有點癢。,花,
文胸的花邊讓我有點癢。,花,
这本书小。,书,
黑的电话比白的花钱多。,花,
這種行為是對演出的不尊重。,行,
我一生都谨慎行事。,行,
你应该带护照去银行。,银行,
銀行開著嗎？,行,
我们叫她一个书虫。,书,
湯姆在給瑪麗買花。,花,
系统运行起来了。,行,
它花多少钱对你很重要吗？,花,
那輛藍色的自行車是新的。,行,
她有紅色的花。,花,
每年都有大量新书出版。,书,
我相信他採取的行動是對的。,行,
这本书写得很好。,书,
它花了几个月。,花,
你可能对花粉或灰尘过敏。,花,
你為什麼在畫花？,花,
我整个下午都在花园里。,花,
汤姆像什么也没发生一样行动。,行,
汤姆希望他没有从玛丽那里借书。,书,
他跑去那裡參加示威遊行了。,行,
船逆流航行。,行,
爆米花是我最喜欢的零食。,花,
汤姆阻止我进银行。,银行,
花園中一片花枝累垂的樣子。,花,
我們稱一斤花枝吧。,花,
我今天晚上想吃花枝。,花,
他手上有一朵花。,花,
我們踏上了去巴塞羅那的旅行。,行,
一大群孩子聚集在花园中。,花,
书页因年久而变黄,书,
這艘船被拖進了船塢進行改裝。,行,
你怎麼看婚前性行爲？,行,
他们说高尔夫在日本很流行。,行,
這會是個絕好的旅行。,行,
我会读完这本书。,书,
两本书我都会读。,书,
為了找到一個名字，我花了八天時間。,花,
心灵与心之间的关系，通常如同一个城堡的图书馆与城堡主人之间的关系一样。,书,
她在行李箱中放進了兩條褲襪。,行,
如今的大多数书似乎是一夜之间从昨日的书籍中冒出来。,书,
看來湯姆借了輛自行車。,行,
湯姆的自行車昨天被偷了。,行,
汤姆还是不能读书。,书,
你的旅行是怎么开始的？,行,
我們在槍林彈雨之下行進。,行,
我正在图书馆学习。,书,
汤姆经常步行去学校。,行,
父亲给我买了本书。,书,
湯姆給瑪麗帶了些花。,花,
它花了我三年。,花,
湯姆搶了家銀行。,行,
我甚麼時候能拿我的行李？,行,
浴缸裡滿是熱水和花瓣。,花,
帆船沿著海岸航行著。,行,
行政權與立法權融合於內閣，施政有效率。,行,
銀行必須將存款額的一定比率交由中央銀行保管。,行,
二戰後歐洲與日本進行重建。,行,
飛機在往香港方向飛行。,行,
請澆花。,花,
你買了輛好自行車嗎？,行,
我們花了很長時間決定我們真正要做的事。,花,
這花多久時間去計劃?,花,
我想去澳大利亞旅行。,行,
這個不行。,行,
這個國家成功進行了一次核試驗。,行,
他應該花更多時間在這個研究上。,花,
獨立公投將在下週舉行。,行,
雖然配料表中未列出堅果和花生，但餅乾中仍可能含有這些成分。。,花,
我那時還是個外行。,行,
我們往車裡装了很多行李。,行,
我試著花時間,花,
湯姆花很多時間閱讀,花,
​我們​來​自​世界​各​地，有​不​同​的​文化​背景，説​不​同​的​語言。可是，我們​十分​團結，大家​都​有​同樣​的​目標。最​重要​的​是，我們​都​渴望​尊榮​耶和華，耶和華​就是​聖經​所​説​的​上帝，他​是​萬物​的​創造主。我們​盡力​效法​耶穌基督，以​身​為​基督徒​為​榮。我們​每​個​人​都​常常​花​時間​幫助​別人​認識​聖經​和​上帝​的​王國。由於​我們​為​耶和華​上帝​和​他​的​王國​作​見證，也​就是​向​別人​傳講​上帝​和​他​王國​的​真理，所以​我們​稱​為​耶和華見證人。,花,
她必须对她的行为负责。,行,
他在衣服上花了很多錢。,花,
我有一辆红色的自行车。,行,
我昨天买了好几本书。,书,
春雨带来了夏日百花。,花,
那些花兒安慰了她。,花,
這條路與河流平行。,行,
你得行動了。,行,
我在哪兒取行李？,行,
她喜欢去图书馆。,书,
你是那個建議我們一起旅行的人。,行,
我花了比預期更多的時間。,花,
那個旅行很貴。,行,
这朵花的颜色是紫色。,花,
我喜歡獨自行走。,行,
我們在這裡花了太多時間。,花,
湯姆熱愛花卉。,花,
你拒絕執行，是不是？,行,
這是怎麼運行的？,行,
湯姆現在在銀行上班。,行,
湯姆求他父親給他買新自行車。,行,
我在湯姆身上花的時間太多了。,花,
要看东京的景物只花几天时间是很难的。,花,
你早點回來，行嗎？,行,
銀行九點開門,行,
湯姆把花瓶放在桌上。,花,
湯姆修好了他的自行車。,行,
我在我的花園裡種刀豆。,花,
那個修女要要去澆花和花菜。,花,
那個尼姑要去澆花和花菜。,花,
你喜歡西藍花嗎？,花,
你們喜歡西藍花嗎？,花,
西藍花是最健康的蔬菜之一。,花,
今天的西藍花做過頭了，不是很好吃。,花,
湯姆要爆米花。,花,
“聞起來像爆米花。”“你說的對！”,花,
今天的西藍花不是很新鮮。,花,
我出门不喜欢带很多行李。,行,
你不喜欢哪种书？,书,
土星是一顆行星。,行,
太陽系有四個氣態大行星：木星、土星、天王星和海王星。,行,
我們的太陽系有八大行星：水星、金星、地球、火星、木星、土星、天王星和海王星。,行,
水星是一顆行星。,行,
水星是離太陽最近的行星。,行,
火星是一顆行星。,行,
他在纠结要不要买这本书,书,
蛇是爬行动物。,行,
我讨厌爬行动物。,行,
我害怕爬行动物。,行,
斯蒂芬·奥布莱恩，联合国负责人道主义事务副秘书长兼紧急救济协调员，声称在也门、索马里、南苏丹和尼日利亚，超过2000万人面临饥荒的威胁。,书,
今天不行。,行,
谁是秘书？,书,
家长指导：如果你的孩子用TATOEBA学语言，请花时间搜索任何你不希望他们读到的词——并且不要害羞！你不会相信他们在这里允许了什么样的未审查的污秽，既然他们认为“语言就是语言”。,花,
很多书被盗了。,书,
谁会读那么厚的一本书呢？,书,
这本书上写，大象能活过一百岁。,书,
旅行是令人快乐的。,行,
旅行是乐事。,行,
他在意大利出版图书。,书,
他妻子在灶旁做饭，而他在坐着读书。,书,
这是本关于星星的书。,书,
我只有十本英语教科书。,书,
前人铺路，后人行路。,行,
为什么你要读这样一本书？,书,
她卖花。,花,
汤姆从他的自行车上掉了下来。,行,
我必须到银行去。,银行,
我想要本书。书店在什么地方？,书,
筹划旅行的时候，我们必须考虑到全家人的意愿。,行,
在日本，还没有哪个歌手像她一样流行。,行,
無論颳風還是下雨，比賽都會繼續進行下去。,行,
这些书很老。,书,
花园老是背着阴。,花,
我对这本书感兴趣。,书,
汤姆喜欢一个人旅行。,行,
淋浴花洒不出水了。,花,
她言行一致。,行,
我虽然行过死荫的幽谷，也不怕遭害，因为你与我同在；你的杖，你的竿，都安慰我。,行,
我看一下你的词典，行吗?,行,
你这么晚起床，非迟到不行。,行,
用英文写情书不容易。,书,
我的銀行賬戶沒錢了。,行,
我不知道你的书在哪里。,书,
那個修女要去澆灌花和花菜。,花,
藕就是蓮花的根部。,花,
西蘭花是最健康的蔬菜之一。,花,
我去银行取钱。,银行,
我在图书馆念书。,书,
我觉得这主意不行。,行,
你觉得这本书的哪个译本比较好？法语的还是英语的？,书,
你可不可以帮忙除草浇花？,花,
她通宵读书。,书,
汤姆说不行会怎样呢？,行,
我想你就沒有按照我們事先計劃的行事吗？,行,
阿尔及尔有自行车道吗？,行,
该项目正在进行中。,行,
行业和行业之间是否存在超额收益率上的显著区别？,行,
我们已经花了五个月的心血在这上面了。别这时候搞砸了。,花,
我买了一辆电动自行车。,行,
我记得我把书还到图书馆了。,书,
斯堪的纳维亚现在已经不流行戴维京人那种有角的头盔了。,行,
这些进食模式是习得性行为。,行,
自行车在汽车的右侧行驶是不合法的。,行,
他读很多书。,书,
他的英文书不超过五本。,书,
江枫逃跑了，后来月奴生了两个儿子，但是他们中了十二生肖的埋伏，两个移花宫的公主突然来了，她们逼月奴自杀，不久后江枫也自杀了。,花,
你的行为让人无法忍受。,行,
他提议对教育系统进行改革。,行,
你在波士顿花了多少钱？,花,
蜜蜂以花蜜为食。,花,
请问图书馆的卡要怎么拿到？,书,
最近我找到了父亲写的书。,书,
要是当时有好好读说明书就好了。,书,
你给安妮送了哪本书？,书,
在美国不管去哪个城镇都会有图书馆。,书,
会议将在后天于东京举行。,行,
因为台风的关系，我的父母提早一天结束了旅行回到家。,行,
我花了五十美元修好了手表。,花,
去国外旅行有很多好处。,行,
不要忘记汤姆对花生过敏。,花,
正在读烹饪书的女孩是凯特。,书,
理察·罗伯茨是很多本书的作者。,书,
发现了远处的灯光的旅行者欢喜不已。,行,
玛丽在她的床位上读书。,书,
你多久买一次花？,花,
汤姆捡起了书。,书,
在这儿使用的语法形式是现在进行时。,行,
你估计做那件事需要花费你多少时间呢？,花,
我只剩下书了。,书,
多行不义必自毙。,行,
她翻了一页书。,书,
对于那些想要修订现行著作权法的人，我希望他们这一晚是轻松的一晚，但实际上我希望其他人的夜晚也是轻松的。,行,
就算要花掉一整天我们也要完成它。,花,
请问您有多少件行李？,行,
我不喜欢五百页以上的书。,书,
德国将禁止雇主在脸书上偷窥。,书,
前几天我发现了一本我父亲写的书。,书,
他对自己在美国读过书这件事感到很骄傲。,书,
在吃饭的时候说话是不礼貌的行为。,行,
我相信他的执行能力。,行,
我们必须执行他的命令。,行,
你必须把你的照片贴在申请书上。,书,
来自格雷的情书？,书,
你最好在年轻的时候多读点书。,书,
一位女性正一个人在图书馆里看书。,书,
汤姆的书比你多。,书,
我跟我的邻居进行了个有意思的对话。,行,
现在是夏天，花都是来了。,花,
我在花园种了番茄和洋葱。,花,
约翰组装了书架。,书,
这本书对你有用。,书,
我至少有十本书。,书,
他们根据情报采取行动。,行,
他为自己的利益行事。,行,
我被前方驶来的车的车头灯晃得眼花。,花,
她在从自行车上摔下来时伤到了脚。,行,
自行车有两个轮胎。,行,
汤姆想买一辆新自行车。,行,
萨米读书了。,书,
那本书还拥有版权。,书,
汤姆说过，如果我想要的话他可以把这本书给我。,书,
我不能在一个星期中读过这么厚厚的书。,书,
我要读书。,书,
当然不行！,行,
她在脸书里关注了我。,书,
汤姆写了几本书。,书,
最近的图书馆在哪里？,书,
我爱图书馆。,书,
图书馆在楼上。,书,
这些是图书馆的书。,书,
这是是图书馆的书吗？,书,
在图书馆里学习。,书,
我在图书馆里学习。,书,
她丢了很多的图书馆的书。,书,
这本教科书用来新方法学习。,书,
他的书仅仅一月前出版了，且已经卖了一千册。,书,
汤姆喜欢旅行。,行,
这本书虽然很厚，但是不贵。,书,
带孩子团体去图书馆一点问题都没有。,书,
你的花园真漂亮。,花,
高等植物的生殖器是花。,花,
對不起，但是沒有避孕套的話是絕對不行的。,行,
我很開心你送我花。,花,
我很滿意你送我的花。,花,
你花太多钱了。,花,
你有自行車嗎？,行,
他是騎自行車去的。,行,
我坐船旅行。,行,
我不想打扰汤姆和玛丽读书。,书,
桌上有书本吗？,书,
小时候我没有自行车。,行,
汤姆在图书馆做工。,书,
这自行车是汤姆的。,行,
我看了一些书。,书,
他在图书馆读书。,书,
用双手握着花瓶。,花,
您覺得這行得通嗎？,行,
我们的钱花完了。,花,
写这本书的是医生。,书,
我想买一辆新的自行车。,行,
汤姆，我知道你喜欢旅行。,行,
我需要修理我的自行车。,行,
她每隔一天去图书馆。,书,
我买了一本关于动物的书。,书,
我认为一部电影的乐趣远胜于任何一本书。,书,
不要吵，我在读书。,书,
花道是日本文化的一部分。,花,
燕妮正在看这本书。,书,
这本书太贵了。我买不起。,书,
中国各个省份经济运行情况如何？,行,
南方的春暖花开。,花,
没有特别通行证，一律不准通行。,行,
不准行车。,行,
世界舆论强烈谴责武装劫持民航客机的行径。,行,
其實人生就像一趟旅行。,行,
下一趟旅行要去哪？,行,
人生是一趟旅行。,行,
海南代表团举行全体会议。,行,
汤姆给玛丽写了情书。,书,
汤姆写了情书给玛丽。,书,
汤姆写了一封情书给玛丽。,书,
汤姆给玛丽写了一封情书。,书,
我写了一封情书给她。,书,
我给她写了一封情书。,书,
您写情书吗？,书,
你们写情书吗？,书,
你写情书吗？,书,
平行四边形的对边平行。,行,
为什么你买了旅行保险？,行,
请你在阅读完毕后归还此书。,书,
我熬夜熬多久都行。,行,
萨米的行为让莱拉觉得很不舒服。,行,
她去年环球旅行。,行,
我可以借一会你的书吗？,书,
汤姆不加思索地行动。,行,
汤姆醒来的时候看到玛丽在书桌前看一本书。,书,
注意言行！,行,
我想让你读这本书。,书,
汤姆摘了些花。,花,
这本书对我而言太贵了。,书,
汤姆大概已经写了三十多本书了。,书,
我不能买这本书，太贵了。,书,
萨米在莱拉身上花了很多钱。,花,
这里的书店和图书馆没有外语书。,书,
汤姆说玛丽应该现在行动。,行,
银行星期六不营业。,银行,
我在看这本书。,书,
翻译那本书要多少钱？,书,
你书中提出了个有意思的命题。,书,
你在脸书上吗？,书,
图书馆周日不开门。,书,
你看得懂这本书吗？,书,
我凭什么花时间做这事？,花,
你最后一次给花园浇水在什么时候？,花,
你不打算在巴基斯坦建银行吗？,银行,
汤姆到这里要花好长时间。,花,
我写这本书用了三年时间。,书,
游艇绕浮标航行。,行,
空闲之时她会进行文学创作。,行,
我买花。,花,
图书馆里总是有很多人。,书,
我把书了给我的朋友。,书,
在英国，银行开放在早上九点。,银行,
口语比书面语更贴近生活。,书,
他在图书馆里坐了大半天。,书,
小心别把书架碰倒！,书,
你擅长书法吗？,书,
书架上放着很多字典。,书,
注意你的行为。,行,
你在哪里读书？,书,
图书馆是我最喜欢去的地方之一。,书,
我会经常去书城看看。,书,
图书馆又没位置了。,书,
他要去图书馆占位。,书,
你今天给花浇水了吗？,花,
一起去旅行吧。,行,
我真的太喜欢旅行了！,行,
她写的文章字里行间总是充满浪漫。,行,
你喜欢这朵花吗？,花,
这本书汤姆看了多久？,书,
计划行不通。,行,
计划行得通。,行,
医学书很厚。,书,
她已经写了几本书。,书,
花园仍旧处于阴凉处。,花,
一开始他画漫画，他的许多书信—甚至案件档案—都有他画的插图。,书,
不良书籍会对你产生危害。,书,
他们是外行。,行,
艺术难得要死。如果你在傍晚喝一瓶酒，你会觉得轻而易举。第二天早上，在画布前清醒地看待一切，再次将事物无中生有，感觉完全不同。如果我从早上开始绘画，一天剩下的时间里我都是一具行尸走肉。,行,
只要把它放回桌子上就行了！,行,
私人银行像个女孩似的—如果人们过多谈论它，就会损害它的声誉。,银行,
我们会用银行转帐付款。,银行,
您可以货到付款，银行转帐或者用汇票付款。,银行,
1632年，伽利略出了一本书，里面指出了地球绕太阳转。 天主教会逮住了他并审判了他。,书,
记得收好书签，别弄丢了。,书,
許多男孩在花園裡跑。,花,
一支大军正浩浩荡荡地行进着。,行,
这不是一朵花，这是一棵树。,花,
每天吃无花果健康吗？,花,
我吃了一个松花团子。,花,
他送了她一束附带精美贺卡的花。,花,
汤姆有我的书。,书,
您为什么想买这本书？,书,
乔拜登偷了我的自行车。,行,
最终，太空旅行将对全球的每个人都有好处。,行,
你行吗？,行,
你有没有看过中文书？,书,
汤姆有多个银行账户。,银行,
银行今天关门。,银行,
银行什么时候关门？,银行,
我不信任银行。,银行,
银行什么时候开门？,银行,
"“汤姆，说你爱我。”“什，什么？”“说你爱我。”“为什么？”“说就行了。""“......我爱你。”“谢谢。”“到底怎么回事？”“没什么，别担心。”",行,
她的新书卖得不错。,书,
花园里全是紫百合。,花,
楼下花坛里全是蚊子。,花,
我拥有的书比我能读的书多。,书,
日本动漫在全世界都很流行。,行,
箭头表示行进方向。,行,
在无名战士的墓前献上了鲜花和花圈。,花,
我把书放下来然后开灯。,书,
这所图书馆很小。,书,
汤姆独自旅行。,行,
这是本有趣的书，不是吗？,书,
我的书签被你放哪去了？,书,
超音速飛行被認為是不可能的。,行,
這是我的行李。,行,
湯姆在哪兒買的這些花呀？,花,
我看見了一個不明飛行物。,行,
他要不行了。,行,
我不認可他的行為。,行,
有很多人對花生過敏。,花,
我能把自行車停哪兒呀？,行,
我把花兒放到花瓶裡了。,花,
我覺得我能行。,行,
太空旅行已不再是幻想。,行,
他以他的抗議遊行聞名。,行,
湯姆摘下了他的老花鏡。,花,
動物依靠牠們的本能行為。,行,
魚類、兩棲動物和爬行動物都是冷血動物。,行,
憑什麼湯姆可以那樣做，而我就不行？,行,
行，你赢了。,行,
我的自行車壞了。,行,
為什麼我想吃冰激凌的慾望就是惡的？要克制自己的衝動就是善的？反過來不行嗎？,行,
你每個月花多少錢呀？,花,
您想在巴黎租辆自行车吗？,行,
我天天坐地鐵出行。,行,
商店的開業慶典將在明天舉行。,行,
你最後一次給你妻子送花是什麼時候？,花,
湯姆上了他的自行車。,行,
湯姆賣花。,花,
我剛百米衝刺，還累得不行呢。,行,
这是你一直在找的书。,书,
汤姆每天都花八个小时看电脑。,花,
花子喜欢的动画是「银河铁道之夜」。,花,
陽光只有在下午才會照進我們的花園。,花,
她在練鋼琴上花了很多時間。,花,
玛丽是在16小时跨大陆飞行中早产出生的。,行,
水池是花崗岩做的。,花,
這種問題不是隨便說說就會被解決掉的，你得去行動才行。,行,
我不想再花時間跟湯姆討論了。,花,
隨地吐痰在新加坡算是犯罪行為。,行,
你用完这本书，就把它放回原处啊。,书,
我有两个秘书。,书,
我看到了一個成年人手腳並用在牆上爬行。他肯定要麼是喝醉了，要麼就是想重返童年。,行,
因为今天下雨了，所以我不能骑自行车。,行,
湯姆花很多時間讀書。,花,
你有兩朵花。,花,
她在为一本书收集材料。,书,
去跟我的秘书讨论这个吧。,书,
花兒都乾枯了。,花,
他衣着像个绅士，言行举止却像个小丑。,行,
汤姆问我我银行里有多少钱。,银行,
一点火花让火药爆炸。,花,
这些书比那些更容易。,书,
你什么时候去纽约旅行过？,行,
这是你要找的书。,书,
读好书。,书,
他犯下了多项罪行。,行,
打开书。,书,
合上书。,书,
湯姆不懂恆星和行星的曲別。,行,
汤姆为什么需要三辆自行车？,行,
我把我的旧自行车给了汤姆。,行,
汤姆写了这本书。,书,
你应该进行脑部检查。,行,
读书。,书,
明天下午我在我爸爸的书店。,书,
哪本汉语书？,书,
那本书不在桌子上。,书,
那本书在车上。,书,
那几本书怎么样？,书,
那是他们的书。,书,
我购买一本书花费了三十美元。,书,
這個程式無法在DOS模式下執行。,行,
不走不行吗？,行,
朋友之间的承诺自然会奉行到底。,行,
我对书法略知一二。,书,
如果蜜蜂都偷懒的话，盛开的花便不会结果了。,花,
知易行难。,行,
你只需要喊他还债就行。,行,
關鍵是怎樣才行呢？,行,
三行字，就差一个句号。 这分数掉的可惜。,行,
没事多看看书，就怕您老人家没事找事犯麻烦。,书,
能借支筆嗎？我這支要不行了。,行,
他写了一本关于俄语动词的书。,书,
我很难读懂这本书。,书,
我买了花。,花,
我带了花。,花,
我两年前读过这本书。,书,
请把书递给我。,书,
我明天就去拿书。,书,
她的书和她父亲一样多。,书,
你所有的书我都看过了。,书,
汤姆不用脸书。,书,
上个月我在话费上花了很多钱。,花,
这个坏掉的花瓶无法修复了。,花,
汤姆正在清扫人行道。,行,
我坐飞机去旅行。,行,
你可以在书店买到各种类型的报纸。,书,
他告诉我他要去旅行。,行,
我买了一本书。,书,
我花很多時間通勤。,花,
他跟我們說他不能吃花生。,花,
他們認為當時是採取行動的最好時機。,行,
我想聽聽流行音樂。,行,
換我是你，我會在銀行裏存放那些錢。,行,
湯姆已經花了很多時間學法文。,花,
我没有书。,书,
我可以多拿些青花菜嗎？,花,
这本书有趣吗？,书,
畫中的女孩頭上戴著的是花冠，不是金皇冠。,花,
中国美学追求意境，而不追求相肖的程度。意境分为多层，每层大境界之中，还下分不少小境界，而各派书家，画家的观点也不一致一一这就构成了复杂的中国审美境界的体系。 中国美学的境界划分以宋代时的“三远法”“六远法”最为流行。高远，深远，平远，阔远，迷远，幽远，让人费解，细细咂摸后，方见其高妙之处。一言以蔽之，就是玄之又玄。唐朝道士吕喦所谓“妙妙妙中妙，玄玄玄更玄”是也。 两篇演讲的观点仅集中于中国审美文化与西方审美文化的差异之处，而缺乏对中国审美文化内涵的深挖。这对于注重内涵的中国审美文化而言，如同匕首与长剑对峙，不能尽其长。以此来批驳西方审美文化，稍显苍白无力。,书,
没有兒童的房子就如同没有鮮花的花園一般。,花,
人的行爲不總是理性的。,行,
我想要回我的自行車。,行,
您的书很有意思。,书,
婚姻的長度與婚宴的花費負相關。,花,
「你能帶我去商店嗎？」「你的自行車呢？」「被人偷走了。」,行,
汤姆参加了读书会。,书,
修学旅行，我们去了志贺高原滑雪。,行,
我花的生活费变多了。,花,
「我能用德國的證件飛到伊斯坦布爾嗎？」「不行，這得要架飛機才行。」,行,
哥伦布航行至遥远的西方，去寻找一个新大陆。,行,
汤姆说他以为他今天能够帮玛丽的花园除草,花,
花了你一段时间才醒来。,花,
花了我一段时间起床。,花,
我必须早两个小时起床，就为了花费一整天的时间在办公室参加本可以线上参与的30-45分钟的会议。,花,
这大概是我最后一次环球旅行，在此之后，我就不再环游世界了。,行,
汤姆在车流中来回穿行。,行,
每个3D模型的顶点都有大量数据与之相关，并影响颜色，材质和光照的行为。,行,
我把钱都花在衣服、食物和书籍上了。,书,
坐地日行八万里，巡天遥看一千河。,行,
山重水复疑无路，柳暗花明又一村。,花,
大道之行也，天下为公。,行,
天行健，君子以自强不息；地势坤，君子以厚德载物。,行,
舍利子，色不异空，空不异色。色即是空，空即是色。受想行识，亦复如是。,行,
故天将降大任于是人也，必先苦其心志，劳其筋骨，饿其体肤，空乏其身，行拂乱其所为，所以动心忍性，曾益其所不能。,行,
我干这一行已经很久了。,行,
是我種的這些花。,花,
Ziri的公司运行了新测试。,行,
每天晚上，当周围安静下来，他就会偷溜进邻居的花园里偷走一颗苹果。,花,
革命就是一场暴动，一场由一个阶级推翻另一个阶级的暴力行动。,行,
玛丽亚喜欢长途骑行。,行,
我有一个经常不带票旅行的朋友。,行,
不行，今天不知為何沒有幹勁。,行,
絕對不行！,行,
得買點東西給湯姆才行。,行,
孔子說：「以厲聲厲色教化百姓，是最拙劣的行為。」,行,
我覺得不會有人發現湯姆的行為的。,行,
花園裡開始冒出常春藤。,花,
爱不是花言巧语。,花,
齊莉將花兒放在了陽台的欄桿上。,花,
湯姆和好友打算搶銀行。,行,
那是花。,花,
您好，我在找一本叫《容斋六笔》的书，请问您能帮我找一下吗？,书,
可我之前明明在图书馆里看见过。,书,
这位是刘先生，图书馆的馆长，你之前上学时应该也见过，我跟刘先生是相识多年的老朋友了，放心吧，自己人。,书,
背景图片为图书馆。,书,
袁启仁从台左上，手中拿一本书。,书,
三人按刘先生、袁启仁、关老师的顺序坐下，袁启仁将书放在腿上，看向刘先生，随后疑惑地看关老师。,书,
为了避风头，也为了你的任务能更好进行，半年前，我才当着所有同学的面骂你是汉奸，从而跟你决裂，真是委屈你了。,行,
之前情况特殊，没让你写入党申请书，现在你赶快补上，请刘先生帮忙交给组织。,书,
袁启仁立即拿起书打开，取出入党申请书,书,
玫瑰花蕾。,花,
還要花能量砍掉。,花,
花花貓睡了。,花,
中國的國行版，有新增幾位配音老師，像是欣郁姊她們。,行,
程式正常運行。,行,
計畫正常執行。,行,
他沒有湯姆進行不了。,行,
石楠花有助於抑制花園裡的雜草。,花,
調查進行中。,行,
以旅行支票付款。,行,
瑪莉的狗學了些新花樣。,花,
鞋业公会召开会议，讨论新环保法对行业的影响。,行,
传统节日中，祠堂常用于工会举行仪式。,行,
市政府举行了一次大型公会，旨在促进跨部门合作。,行,
我有一輛舊自行車。,行,
湯姆摔壞的是瑪莉的花瓶。,花,
花謝了會再開。,花,
她詳細陳報了旅行過程中的突發事件，並提出改進建議。,行,
第三性別的出現增加了法律和行政上的麻煩，徒增無謂的負擔。,行,
他憑藉獨特的幽默感，在反串秀者的行業中迅速走紅。,行,
鲜花因缺水而枯萎,花,
我種了三行土豆。,行,
湯姆湯姆的審判將於 10 月 20 日繼續進行。,行,
我會將重要日期記在行事曆上，這樣就不會忘。,行,
穿過花園時，請勿踐踏花壇。,花,
她絕望地看著小偷踐踏她花園裡的植物。,花,
2013 年 5 月 1 日施行的法律得到強化。,行,
你們的行為方式全部都一樣。,行,
